General Project,Contact Person's Last Name,Site Name,Country,Timezone,Easting,Northing,UTM zone,General Sampling Period Name,General Sampling Period Name,Photo Date,Photo Time,Class,Order,Family,Genus,Species,Number of Animals,Camera Start Date and Time,Camera End Date and Time,Camera Make,Camera Model,Flash (Yes or No),Baited_unbaited,Bait type (if applicable),Photos per trigger,Species Diet Description,Common Name
UWIN Edmonton,Stevenson,EDALA02KER2,Canada,GMT-6,340905.5056,5940707.276,12U,,,8/28/2021,6:51:02,Mammalia,Carnivora,Felidae,Felis,catus,1,3/29/2021,9/1/2021,RECONYX,PC800 PROFESSIONAL,No,No,,3,,Domestic cat
UWIN Edmonton,Stevenson,EDALA04HOH1,Canada,GMT-6,345886.2623,5949536.804,12U,,,6/17/2018,9:06:19,Mammalia,Carnivora,Felidae,Felis,catus,1,5/24/2018,6/28/2018,RECONYX,PC900 PROFESSIONAL,No,No,,3,,Domestic cat
UWIN Edmonton,Stevenson,EDALA04HOH1,Canada,GMT-6,345886.2623,5949536.804,12U,,,6/17/2018,9:06:20,Mammalia,Carnivora,Felidae,Felis,catus,1,5/24/2018,6/28/2018,RECONYX,PC900 PROFESSIONAL,No,No,,3,,Domestic cat
UWIN Edmonton,Stevenson,EDALA04HOH1,Canada,GMT-6,345886.2623,5949536.804,12U,,,6/17/2018,9:06:21,Mammalia,Carnivora,Felidae,Felis,catus,1,5/24/2018,6/28/2018,RECONYX,PC900 PROFESSIONAL,No,No,,3,,Domestic cat
UWIN Edmonton,Stevenson,EDALA04HOH1,Canada,GMT-6,345886.2623,5949536.804,12U,UWIN Season Spring 4,Season Spring 4,4/29/2021,8:41:13,Mammalia,Carnivora,Felidae,Felis,catus,1,12/3/2020,6/1/2021,RECONYX,HF2 PRO COVERT,No,No,,3,,Domestic cat
UWIN Edmonton,Stevenson,EDALA04HOH1,Canada,GMT-6,345886.2623,5949536.804,12U,UWIN Season Spring 4,Season Spring 4,4/29/2021,8:41:16,Mammalia,Carnivora,Felidae,Felis,catus,1,12/3/2020,6/1/2021,RECONYX,HF2 PRO COVERT,No,No,,3,,Domestic cat
UWIN Edmonton,Stevenson,EDALA04HOH1,Canada,GMT-6,345886.2623,5949536.804,12U,UWIN Season Spring 4,Season Spring 4,4/29/2021,8:41:16,Mammalia,Carnivora,Felidae,Felis,catus,1,12/3/2020,6/1/2021,RECONYX,HF2 PRO COVERT,No,No,,3,,Domestic cat
UWIN Edmonton,Stevenson,EDALA04HOH1,Canada,GMT-6,345886.2623,5949536.804,12U,UWIN Season Spring 3,Season Spring 3,4/19/2020,6:38:36,Mammalia,Carnivora,Felidae,Felis,catus,1,12/11/2019,5/29/2020,RECONYX,HF2 PRO COVERT,No,No,,3,,Domestic cat
UWIN Edmonton,Stevenson,EDALA04HOH1,Canada,GMT-6,345886.2623,5949536.804,12U,UWIN Season Spring 3,Season Spring 3,4/19/2020,6:38:38,Mammalia,Carnivora,Felidae,Felis,catus,1,12/11/2019,5/29/2020,RECONYX,HF2 PRO COVERT,No,No,,3,,Domestic cat
UWIN Edmonton,Stevenson,EDALA04HOH1,Canada,GMT-6,345886.2623,5949536.804,12U,UWIN Season Spring 3,Season Spring 3,4/19/2020,6:38:38,Mammalia,Carnivora,Felidae,Felis,catus,1,12/11/2019,5/29/2020,RECONYX,HF2 PRO COVERT,No,No,,3,,Domestic cat
UWIN Edmonton,Stevenson,EDALD02HUS1,Canada,GMT-6,327642.96,5941822.19,12U,,,6/21/2021,8:11:39,Mammalia,Carnivora,Felidae,Felis,catus,1,3/30/2021,9/2/2021,RECONYX,PC900 PROFESSIONAL,No,No,,3,,Domestic cat
UWIN Edmonton,Stevenson,EDALD02HUS1,Canada,GMT-6,327642.96,5941822.19,12U,,,6/21/2021,8:11:41,Mammalia,Carnivora,Felidae,Felis,catus,1,3/30/2021,9/2/2021,RECONYX,PC900 PROFESSIONAL,No,No,,3,,Domestic cat
UWIN Edmonton,Stevenson,EDALD02HUS1,Canada,GMT-6,327642.96,5941822.19,12U,,,6/21/2021,8:11:42,Mammalia,Carnivora,Felidae,Felis,catus,1,3/30/2021,9/2/2021,RECONYX,PC900 PROFESSIONAL,No,No,,3,,Domestic cat
UWIN Edmonton,Stevenson,EDALA02KER2,Canada,GMT-6,340905.5056,5940707.276,12U,,,9/5/2020,15:43:31,Mammalia,Carnivora,Felidae,Felis,catus,1,8/3/2020,11/13/2020,RECONYX,PC800 PROFESSIONAL,No,No,,3,,Domestic cat
UWIN Edmonton,Stevenson,EDALA02KER2,Canada,GMT-6,340905.5056,5940707.276,12U,,,9/5/2020,15:43:33,Mammalia,Carnivora,Felidae,Felis,catus,1,8/3/2020,11/13/2020,RECONYX,PC800 PROFESSIONAL,No,No,,3,,Domestic cat
UWIN Edmonton,Stevenson,EDALA02KER2,Canada,GMT-6,340905.5056,5940707.276,12U,,,9/5/2020,15:43:35,Mammalia,Carnivora,Felidae,Felis,catus,1,8/3/2020,11/13/2020,RECONYX,PC800 PROFESSIONAL,No,No,,3,,Domestic cat
UWIN Edmonton,Stevenson,EDALB01ROS1,Canada,GMT-6,334892.4823,5934090.42,12U,,,8/23/2018,14:35:49,Mammalia,Carnivora,Felidae,Felis,catus,1,8/1/2018,9/26/2018,RECONYX,PC900 PROFESSIONAL,No,No,,3,,Domestic cat
UWIN Edmonton,Stevenson,EDALB01ROS1,Canada,GMT-6,334892.4823,5934090.42,12U,,,8/23/2018,14:35:51,Mammalia,Carnivora,Felidae,Felis,catus,1,8/1/2018,9/26/2018,RECONYX,PC900 PROFESSIONAL,No,No,,3,,Domestic cat
UWIN Edmonton,Stevenson,EDALB01ROS1,Canada,GMT-6,334892.4823,5934090.42,12U,,,8/23/2018,14:35:52,Mammalia,Carnivora,Felidae,Felis,catus,1,8/1/2018,9/26/2018,RECONYX,PC900 PROFESSIONAL,No,No,,3,,Domestic cat
UWIN Edmonton,Stevenson,EDALB01ROS1,Canada,GMT-6,334892.4823,5934090.42,12U,,,9/5/2018,12:54:07,Mammalia,Carnivora,Felidae,Felis,catus,1,8/1/2018,9/26/2018,RECONYX,PC900 PROFESSIONAL,No,No,,3,,Domestic cat
UWIN Edmonton,Stevenson,EDALB01ROS1,Canada,GMT-6,334892.4823,5934090.42,12U,,,9/5/2018,12:54:09,Mammalia,Carnivora,Felidae,Felis,catus,1,8/1/2018,9/26/2018,RECONYX,PC900 PROFESSIONAL,No,No,,3,,Domestic cat
UWIN Edmonton,Stevenson,EDALB01ROS1,Canada,GMT-6,334892.4823,5934090.42,12U,,,9/5/2018,12:54:10,Mammalia,Carnivora,Felidae,Felis,catus,1,8/1/2018,9/26/2018,RECONYX,PC900 PROFESSIONAL,No,No,,3,,Domestic cat
UWIN Edmonton,Stevenson,EDALD02HUS1,Canada,GMT-6,327642.96,5941822.19,12U,,,3/1/2020,18:22:22,Mammalia,Carnivora,Felidae,Felis,catus,1,12/28/2019,4/4/2020,RECONYX,PC900 PROFESSIONAL,No,No,,3,,Domestic cat
UWIN Edmonton,Stevenson,EDALD02HUS1,Canada,GMT-6,327642.96,5941822.19,12U,,,3/1/2020,18:22:24,Mammalia,Carnivora,Felidae,Felis,catus,1,12/28/2019,4/4/2020,RECONYX,PC900 PROFESSIONAL,No,No,,3,,Domestic cat
UWIN Edmonton,Stevenson,EDALD02HUS1,Canada,GMT-6,327642.96,5941822.19,12U,,,3/1/2020,18:22:25,Mammalia,Carnivora,Felidae,Felis,catus,1,12/28/2019,4/4/2020,RECONYX,PC900 PROFESSIONAL,No,No,,3,,Domestic cat
UWIN Edmonton,Stevenson,EDALD02HUS1,Canada,GMT-6,327642.96,5941822.19,12U,,,11/10/2018,15:38:38,Mammalia,Carnivora,Felidae,Felis,catus,1,9/28/2018,12/29/2018,RECONYX,PC900 PROFESSIONAL,No,No,,3,,Domestic cat
UWIN Edmonton,Stevenson,EDALD02HUS1,Canada,GMT-6,327642.96,5941822.19,12U,,,11/10/2018,15:38:40,Mammalia,Carnivora,Felidae,Felis,catus,1,9/28/2018,12/29/2018,RECONYX,PC900 PROFESSIONAL,No,No,,3,,Domestic cat
UWIN Edmonton,Stevenson,EDALD02HUS1,Canada,GMT-6,327642.96,5941822.19,12U,,,11/10/2018,15:38:40,Mammalia,Carnivora,Felidae,Felis,catus,1,9/28/2018,12/29/2018,RECONYX,PC900 PROFESSIONAL,No,No,,3,,Domestic cat
UWIN Edmonton,Stevenson,EDALD02HUS1,Canada,GMT-6,327642.96,5941822.19,12U,UWIN Season Fall 3,Season Fall 3,10/25/2020,4:31:57,Mammalia,Carnivora,Felidae,Felis,catus,1,8/5/2020,11/13/2020,RECONYX,PC900 PROFESSIONAL,Yes,No,,3,,Domestic cat
UWIN Edmonton,Stevenson,EDALD02HUS1,Canada,GMT-6,327642.96,5941822.19,12U,UWIN Season Fall 3,Season Fall 3,10/25/2020,4:31:59,Mammalia,Carnivora,Felidae,Felis,catus,1,8/5/2020,11/13/2020,RECONYX,PC900 PROFESSIONAL,Yes,No,,3,,Domestic cat
UWIN Edmonton,Stevenson,EDALD02HUS1,Canada,GMT-6,327642.96,5941822.19,12U,UWIN Season Fall 3,Season Fall 3,10/25/2020,4:31:59,Mammalia,Carnivora,Felidae,Felis,catus,1,8/5/2020,11/13/2020,RECONYX,PC900 PROFESSIONAL,Yes,No,,3,,Domestic cat
UWIN Edmonton,Stevenson,EDALA02KER2,Canada,GMT-6,340905.5056,5940707.276,12U,,,8/25/2021,5:27:47,Mammalia,Carnivora,Felidae,Felis,catus,1,3/29/2021,9/1/2021,RECONYX,PC800 PROFESSIONAL,Yes,No,,3,,Domestic cat
UWIN Edmonton,Stevenson,EDALA02KER2,Canada,GMT-6,340905.5056,5940707.276,12U,,,8/25/2021,5:27:49,Mammalia,Carnivora,Felidae,Felis,catus,1,3/29/2021,9/1/2021,RECONYX,PC800 PROFESSIONAL,Yes,No,,3,,Domestic cat
UWIN Edmonton,Stevenson,EDALA02KER2,Canada,GMT-6,340905.5056,5940707.276,12U,,,8/25/2021,5:27:50,Mammalia,Carnivora,Felidae,Felis,catus,1,3/29/2021,9/1/2021,RECONYX,PC800 PROFESSIONAL,Yes,No,,3,,Domestic cat
UWIN Edmonton,Stevenson,EDALA03BAN1,Canada,GMT-6,343661.0691,5942626.116,12U,UWIN Season Spring 4,Season Spring 4,4/24/2021,22:29:16,Mammalia,Carnivora,Felidae,Felis,catus,1,3/29/2021,9/1/2021,RECONYX,PC900 PROFESSIONAL,Yes,No,,3,,Domestic cat
UWIN Edmonton,Stevenson,EDALA03BAN1,Canada,GMT-6,343661.0691,5942626.116,12U,UWIN Season Spring 4,Season Spring 4,4/24/2021,22:29:17,Mammalia,Carnivora,Felidae,Felis,catus,1,3/29/2021,9/1/2021,RECONYX,PC900 PROFESSIONAL,Yes,No,,3,,Domestic cat
UWIN Edmonton,Stevenson,EDALA03BAN1,Canada,GMT-6,343661.0691,5942626.116,12U,UWIN Season Spring 4,Season Spring 4,4/24/2021,22:29:17,Mammalia,Carnivora,Felidae,Felis,catus,1,3/29/2021,9/1/2021,RECONYX,PC900 PROFESSIONAL,Yes,No,,3,,Domestic cat
UWIN Edmonton,Stevenson,EDALA04HOH1,Canada,GMT-6,345886.2623,5949536.804,12U,,,6/27/2018,3:59:22,Mammalia,Carnivora,Felidae,Felis,catus,1,5/24/2018,6/28/2018,RECONYX,PC900 PROFESSIONAL,Yes,No,,3,,Domestic cat
UWIN Edmonton,Stevenson,EDALA04HOH1,Canada,GMT-6,345886.2623,5949536.804,12U,,,6/27/2018,3:59:23,Mammalia,Carnivora,Felidae,Felis,catus,1,5/24/2018,6/28/2018,RECONYX,PC900 PROFESSIONAL,Yes,No,,3,,Domestic cat
UWIN Edmonton,Stevenson,EDALA04HOH1,Canada,GMT-6,345886.2623,5949536.804,12U,,,6/27/2018,3:59:24,Mammalia,Carnivora,Felidae,Felis,catus,1,5/24/2018,6/28/2018,RECONYX,PC900 PROFESSIONAL,Yes,No,,3,,Domestic cat
UWIN Edmonton,Stevenson,EDALA04HOH1,Canada,GMT-6,345886.2623,5949536.804,12U,,,6/27/2018,3:59:56,Mammalia,Carnivora,Felidae,Felis,catus,1,5/24/2018,6/28/2018,RECONYX,PC900 PROFESSIONAL,Yes,No,,3,,Domestic cat
UWIN Edmonton,Stevenson,EDALA04HOH1,Canada,GMT-6,345886.2623,5949536.804,12U,,,6/27/2018,3:59:57,Mammalia,Carnivora,Felidae,Felis,catus,1,5/24/2018,6/28/2018,RECONYX,PC900 PROFESSIONAL,Yes,No,,3,,Domestic cat
UWIN Edmonton,Stevenson,EDALA04HOH1,Canada,GMT-6,345886.2623,5949536.804,12U,,,6/27/2018,3:59:58,Mammalia,Carnivora,Felidae,Felis,catus,1,5/24/2018,6/28/2018,RECONYX,PC900 PROFESSIONAL,Yes,No,,3,,Domestic cat
UWIN Edmonton,Stevenson,EDALA04HOH1,Canada,GMT-6,345886.2623,5949536.804,12U,,,5/25/2020,23:42:10,Mammalia,Carnivora,Felidae,Felis,catus,1,12/11/2019,5/29/2020,RECONYX,HF2 PRO COVERT,Yes,No,,3,,Domestic cat
UWIN Edmonton,Stevenson,EDALC02BLQ1,Canada,GMT-6,332840.9565,5926581.19,12U,UWIN Season Fall 2,Season Fall 2,10/2/2019,2:19:13,Mammalia,Carnivora,Felidae,Felis,catus,1,9/27/2019,12/12/2019,RECONYX,HF2 PRO COVERT,Yes,No,,3,,Domestic cat
UWIN Edmonton,Stevenson,EDALC02BLQ1,Canada,GMT-6,332840.9565,5926581.19,12U,UWIN Season Fall 2,Season Fall 2,10/20/2019,23:27:37,Mammalia,Carnivora,Felidae,Felis,catus,1,9/27/2019,12/12/2019,RECONYX,HF2 PRO COVERT,Yes,No,,3,,Domestic cat
UWIN Edmonton,Stevenson,EDALA02KER2,Canada,GMT-6,340905.5056,5940707.276,12U,UWIN Season Spring 3,Season Spring 3,4/18/2020,0:07:07,Mammalia,Carnivora,Felidae,Felis,catus,1,4/16/2020,8/3/2020,RECONYX,PC800 PROFESSIONAL,Yes,No,,3,,Domestic cat
UWIN Edmonton,Stevenson,EDALA02KER2,Canada,GMT-6,340905.5056,5940707.276,12U,UWIN Season Spring 3,Season Spring 3,4/21/2020,4:18:45,Mammalia,Carnivora,Felidae,Felis,catus,1,4/16/2020,8/3/2020,RECONYX,PC800 PROFESSIONAL,Yes,No,,3,,Domestic cat
UWIN Edmonton,Stevenson,EDALA02KER2,Canada,GMT-6,340905.5056,5940707.276,12U,,,6/13/2020,22:19:04,Mammalia,Carnivora,Felidae,Felis,catus,1,4/16/2020,8/3/2020,RECONYX,PC800 PROFESSIONAL,Yes,No,,3,,Domestic cat
UWIN Edmonton,Stevenson,EDALA02KER2,Canada,GMT-6,340905.5056,5940707.276,12U,,,6/13/2020,22:19:04,Mammalia,Carnivora,Felidae,Felis,catus,1,4/16/2020,8/3/2020,RECONYX,PC800 PROFESSIONAL,Yes,No,,3,,Domestic cat
UWIN Edmonton,Stevenson,EDALA02KER2,Canada,GMT-6,340905.5056,5940707.276,12U,,,6/13/2020,22:19:05,Mammalia,Carnivora,Felidae,Felis,catus,1,4/16/2020,8/3/2020,RECONYX,PC800 PROFESSIONAL,Yes,No,,3,,Domestic cat
UWIN Edmonton,Stevenson,EDALA02RVR1,Canada,GMT-6,340766.7907,5936966.78,12U,,,9/6/2018,5:44:31,Mammalia,Carnivora,Felidae,Felis,catus,1,8/2/2018,9/24/2018,RECONYX,PC900 PROFESSIONAL,Yes,No,,3,,Domestic cat
UWIN Edmonton,Stevenson,EDALA02RVR1,Canada,GMT-6,340766.7907,5936966.78,12U,,,9/6/2018,5:44:32,Mammalia,Carnivora,Felidae,Felis,catus,1,8/2/2018,9/24/2018,RECONYX,PC900 PROFESSIONAL,Yes,No,,3,,Domestic cat
UWIN Edmonton,Stevenson,EDALA02RVR1,Canada,GMT-6,340766.7907,5936966.78,12U,,,9/6/2018,5:44:33,Mammalia,Carnivora,Felidae,Felis,catus,1,8/2/2018,9/24/2018,RECONYX,PC900 PROFESSIONAL,Yes,No,,3,,Domestic cat
UWIN Edmonton,Stevenson,EDALA02RVR1,Canada,GMT-6,340766.7907,5936966.78,12U,,,9/21/2018,20:14:42,Mammalia,Carnivora,Felidae,Felis,catus,1,8/2/2018,9/24/2018,RECONYX,PC900 PROFESSIONAL,Yes,No,,3,,Domestic cat
UWIN Edmonton,Stevenson,EDALA02RVR1,Canada,GMT-6,340766.7907,5936966.78,12U,,,9/21/2018,20:14:44,Mammalia,Carnivora,Felidae,Felis,catus,1,8/2/2018,9/24/2018,RECONYX,PC900 PROFESSIONAL,Yes,No,,3,,Domestic cat
UWIN Edmonton,Stevenson,EDALA02RVR1,Canada,GMT-6,340766.7907,5936966.78,12U,,,9/21/2018,20:14:44,Mammalia,Carnivora,Felidae,Felis,catus,1,8/2/2018,9/24/2018,RECONYX,PC900 PROFESSIONAL,Yes,No,,3,,Domestic cat
UWIN Edmonton,Stevenson,EDALA02RVR1,Canada,GMT-6,340766.7907,5936966.78,12U,,,8/17/2019,1:49:32,Mammalia,Carnivora,Felidae,Felis,catus,1,8/7/2019,9/25/2019,RECONYX,PC900 PROFESSIONAL,Yes,No,,3,,Domestic cat
UWIN Edmonton,Stevenson,EDALA02RVR1,Canada,GMT-6,340766.7907,5936966.78,12U,,,8/17/2019,1:49:33,Mammalia,Carnivora,Felidae,Felis,catus,1,8/7/2019,9/25/2019,RECONYX,PC900 PROFESSIONAL,Yes,No,,3,,Domestic cat
UWIN Edmonton,Stevenson,EDALA02RVR1,Canada,GMT-6,340766.7907,5936966.78,12U,,,8/17/2019,1:49:34,Mammalia,Carnivora,Felidae,Felis,catus,1,8/7/2019,9/25/2019,RECONYX,PC900 PROFESSIONAL,Yes,No,,3,,Domestic cat
UWIN Edmonton,Stevenson,EDALA02RVR1,Canada,GMT-6,340766.7907,5936966.78,12U,,,9/29/2019,0:28:02,Mammalia,Carnivora,Felidae,Felis,catus,1,9/25/2019,12/20/2019,RECONYX,PC900 PROFESSIONAL,Yes,No,,3,,Domestic cat
UWIN Edmonton,Stevenson,EDALA02RVR1,Canada,GMT-6,340766.7907,5936966.78,12U,,,9/29/2019,0:28:03,Mammalia,Carnivora,Felidae,Felis,catus,1,9/25/2019,12/20/2019,RECONYX,PC900 PROFESSIONAL,Yes,No,,3,,Domestic cat
UWIN Edmonton,Stevenson,EDALA02RVR1,Canada,GMT-6,340766.7907,5936966.78,12U,,,9/29/2019,0:28:04,Mammalia,Carnivora,Felidae,Felis,catus,1,9/25/2019,12/20/2019,RECONYX,PC900 PROFESSIONAL,Yes,No,,3,,Domestic cat
UWIN Edmonton,Stevenson,EDALA03BAN1,Canada,GMT-6,343661.0691,5942626.116,12U,,,6/16/2018,0:00:10,Mammalia,Carnivora,Felidae,Felis,catus,1,5/24/2018,6/29/2018,RECONYX,PC900 PROFESSIONAL,Yes,No,,3,,Domestic cat
UWIN Edmonton,Stevenson,EDALA03BAN1,Canada,GMT-6,343661.0691,5942626.116,12U,,,6/16/2018,0:00:11,Mammalia,Carnivora,Felidae,Felis,catus,1,5/24/2018,6/29/2018,RECONYX,PC900 PROFESSIONAL,Yes,No,,3,,Domestic cat
UWIN Edmonton,Stevenson,EDALB01ROS1,Canada,GMT-6,334892.4823,5934090.42,12U,,,8/22/2018,3:39:12,Mammalia,Carnivora,Felidae,Felis,catus,1,8/1/2018,9/26/2018,RECONYX,PC900 PROFESSIONAL,Yes,No,,3,,Domestic cat
UWIN Edmonton,Stevenson,EDALB01ROS1,Canada,GMT-6,334892.4823,5934090.42,12U,,,8/22/2018,3:39:14,Mammalia,Carnivora,Felidae,Felis,catus,1,8/1/2018,9/26/2018,RECONYX,PC900 PROFESSIONAL,Yes,No,,3,,Domestic cat
UWIN Edmonton,Stevenson,EDALB01ROS1,Canada,GMT-6,334892.4823,5934090.42,12U,,,8/22/2018,3:39:15,Mammalia,Carnivora,Felidae,Felis,catus,1,8/1/2018,9/26/2018,RECONYX,PC900 PROFESSIONAL,Yes,No,,3,,Domestic cat
UWIN Edmonton,Stevenson,EDALB02MIG1,Canada,GMT-6,338906.8491,5929086.128,12U,UWIN Season Fall 3,Season Fall 3,10/26/2020,6:23:24,Mammalia,Carnivora,Felidae,Felis,catus,1,8/4/2020,11/10/2020,RECONYX,HC600 HYPERFIRE,Yes,No,,3,,Domestic cat
UWIN Edmonton,Stevenson,EDALB02MIG1,Canada,GMT-6,338906.8491,5929086.128,12U,UWIN Season Fall 3,Season Fall 3,10/26/2020,6:23:25,Mammalia,Carnivora,Felidae,Felis,catus,1,8/4/2020,11/10/2020,RECONYX,HC600 HYPERFIRE,Yes,No,,3,,Domestic cat
UWIN Edmonton,Stevenson,EDALB02MIG1,Canada,GMT-6,338906.8491,5929086.128,12U,UWIN Season Fall 3,Season Fall 3,10/26/2020,6:23:26,Mammalia,Carnivora,Felidae,Felis,catus,1,8/4/2020,11/10/2020,RECONYX,HC600 HYPERFIRE,Yes,No,,3,,Domestic cat
UWIN Edmonton,Stevenson,EDALC03EDG2,Canada,GMT-6,322969.6156,5927432.072,12U,,,5/27/2020,0:50:07,Mammalia,Carnivora,Felidae,Felis,catus,1,12/12/2019,6/5/2020,RECONYX,PC900 PROFESSIONAL,Yes,No,,3,,Domestic cat
UWIN Edmonton,Stevenson,EDALC03EDG2,Canada,GMT-6,322969.6156,5927432.072,12U,,,5/27/2020,0:50:09,Mammalia,Carnivora,Felidae,Felis,catus,1,12/12/2019,6/5/2020,RECONYX,PC900 PROFESSIONAL,Yes,No,,3,,Domestic cat
UWIN Edmonton,Stevenson,EDALC03WEO1,Canada,GMT-6,324509.0014,5928961.535,12U,,,5/1/2020,22:19:13,Mammalia,Carnivora,Felidae,Felis,catus,1,4/21/2020,8/3/2020,RECONYX,PC900 PROFESSIONAL,Yes,No,,3,,Domestic cat
UWIN Edmonton,Stevenson,EDALC03WEO1,Canada,GMT-6,324509.0014,5928961.535,12U,,,5/1/2020,22:19:14,Mammalia,Carnivora,Felidae,Felis,catus,1,4/21/2020,8/3/2020,RECONYX,PC900 PROFESSIONAL,Yes,No,,3,,Domestic cat
UWIN Edmonton,Stevenson,EDALD02HUS1,Canada,GMT-6,327642.96,5941822.19,12U,UWIN Season Winter 2,Season Winter 2,1/2/2020,22:21:42,Mammalia,Carnivora,Felidae,Felis,catus,1,12/28/2019,4/4/2020,RECONYX,PC900 PROFESSIONAL,Yes,No,,3,,Domestic cat
UWIN Edmonton,Stevenson,EDALD02HUS1,Canada,GMT-6,327642.96,5941822.19,12U,UWIN Season Winter 2,Season Winter 2,1/2/2020,22:21:43,Mammalia,Carnivora,Felidae,Felis,catus,1,12/28/2019,4/4/2020,RECONYX,PC900 PROFESSIONAL,Yes,No,,3,,Domestic cat
UWIN Edmonton,Stevenson,EDALD02HUS1,Canada,GMT-6,327642.96,5941822.19,12U,UWIN Season Winter 2,Season Winter 2,1/2/2020,22:21:44,Mammalia,Carnivora,Felidae,Felis,catus,1,12/28/2019,4/4/2020,RECONYX,PC900 PROFESSIONAL,Yes,No,,3,,Domestic cat
UWIN Edmonton,Stevenson,EDALD02HUS1,Canada,GMT-6,327642.96,5941822.19,12U,,,3/2/2020,22:10:15,Mammalia,Carnivora,Felidae,Felis,catus,1,12/28/2019,4/4/2020,RECONYX,PC900 PROFESSIONAL,Yes,No,,3,,Domestic cat
UWIN Edmonton,Stevenson,EDALD02HUS1,Canada,GMT-6,327642.96,5941822.19,12U,,,3/2/2020,22:10:17,Mammalia,Carnivora,Felidae,Felis,catus,1,12/28/2019,4/4/2020,RECONYX,PC900 PROFESSIONAL,Yes,No,,3,,Domestic cat
UWIN Edmonton,Stevenson,EDALD02HUS1,Canada,GMT-6,327642.96,5941822.19,12U,,,3/2/2020,22:10:18,Mammalia,Carnivora,Felidae,Felis,catus,1,12/28/2019,4/4/2020,RECONYX,PC900 PROFESSIONAL,Yes,No,,3,,Domestic cat
UWIN Edmonton,Stevenson,EDALD02HUS1,Canada,GMT-6,327642.96,5941822.19,12U,UWIN Season Summer 3,Season Summer 3,7/30/2020,3:51:10,Mammalia,Carnivora,Felidae,Felis,catus,1,4/4/2020,8/5/2020,RECONYX,PC900 PROFESSIONAL,Yes,No,,3,,Domestic cat
UWIN Edmonton,Stevenson,EDALD02HUS1,Canada,GMT-6,327642.96,5941822.19,12U,UWIN Season Summer 3,Season Summer 3,7/30/2020,3:51:12,Mammalia,Carnivora,Felidae,Felis,catus,1,4/4/2020,8/5/2020,RECONYX,PC900 PROFESSIONAL,Yes,No,,3,,Domestic cat
UWIN Edmonton,Stevenson,EDALD02HUS1,Canada,GMT-6,327642.96,5941822.19,12U,UWIN Season Fall 2,Season Fall 2,10/22/2019,2:50:56,Mammalia,Carnivora,Felidae,Felis,catus,1,9/28/2019,12/18/2019,RECONYX,PC900 PROFESSIONAL,Yes,No,,3,,Domestic cat
UWIN Edmonton,Stevenson,EDALD02HUS1,Canada,GMT-6,327642.96,5941822.19,12U,UWIN Season Fall 2,Season Fall 2,10/22/2019,2:50:57,Mammalia,Carnivora,Felidae,Felis,catus,1,9/28/2019,12/18/2019,RECONYX,PC900 PROFESSIONAL,Yes,No,,3,,Domestic cat
UWIN Edmonton,Stevenson,EDALD02HUS1,Canada,GMT-6,327642.96,5941822.19,12U,UWIN Season Fall 2,Season Fall 2,10/22/2019,2:50:58,Mammalia,Carnivora,Felidae,Felis,catus,1,9/28/2019,12/18/2019,RECONYX,PC900 PROFESSIONAL,Yes,No,,3,,Domestic cat
UWIN Edmonton,Stevenson,EDALA04HOH1,Canada,GMT-6,345886.2623,5949536.804,12U,,,5/25/2020,23:42:10,Mammalia,Carnivora,Felidae,Felis,catus,1,12/11/2019,5/29/2020,RECONYX,HF2 PRO COVERT,Yes,No,,3,,Domestic cat
UWIN Edmonton,Stevenson,EDALA03BAN1,Canada,GMT-6,343661.0691,5942626.116,12U,,,6/16/2018,0:00:09,Mammalia,Carnivora,Felidae,Felis,catus,1,5/24/2018,6/29/2018,RECONYX,PC900 PROFESSIONAL,Yes,No,,3,,Domestic cat
UWIN Edmonton,Stevenson,EDALD02HUS1,Canada,GMT-6,327642.96,5941822.19,12U,,,11/20/2018,18:40:00,Mammalia,Carnivora,Felidae,Felis,catus,1,9/28/2018,12/29/2018,RECONYX,PC900 PROFESSIONAL,Yes,No,,3,,Domestic cat
UWIN Edmonton,Stevenson,EDALD02HUS1,Canada,GMT-6,327642.96,5941822.19,12U,,,11/20/2018,18:40:01,Mammalia,Carnivora,Felidae,Felis,catus,1,9/28/2018,12/29/2018,RECONYX,PC900 PROFESSIONAL,Yes,No,,3,,Domestic cat
UWIN Edmonton,Stevenson,EDALD02HUS1,Canada,GMT-6,327642.96,5941822.19,12U,,,11/20/2018,18:40:03,Mammalia,Carnivora,Felidae,Felis,catus,1,9/28/2018,12/29/2018,RECONYX,PC900 PROFESSIONAL,Yes,No,,3,,Domestic cat
UWIN Edmonton,Stevenson,EDALD02HUS1,Canada,GMT-6,327642.96,5941822.19,12U,,,11/26/2018,8:23:14,Mammalia,Carnivora,Felidae,Felis,catus,1,9/28/2018,12/29/2018,RECONYX,PC900 PROFESSIONAL,Yes,No,,3,,Domestic cat
UWIN Edmonton,Stevenson,EDALD02WEL1,Canada,GMT-6,330865.5468,5941358.545,12U,UWIN Season Summer 1,Season Summer 1,7/1/2018,3:29:10,Mammalia,Carnivora,Felidae,Felis,catus,1,6/25/2018,7/1/2018,RECONYX,PC900 PROFESSIONAL,Yes,No,,3,,Domestic cat
UWIN Edmonton,Stevenson,EDALD02WEL1,Canada,GMT-6,330865.5468,5941358.545,12U,UWIN Season Summer 1,Season Summer 1,7/1/2018,3:29:11,Mammalia,Carnivora,Felidae,Felis,catus,1,6/25/2018,7/1/2018,RECONYX,PC900 PROFESSIONAL,Yes,No,,3,,Domestic cat
UWIN Edmonton,Stevenson,EDALD02WEL1,Canada,GMT-6,330865.5468,5941358.545,12U,UWIN Season Summer 1,Season Summer 1,7/1/2018,3:29:12,Mammalia,Carnivora,Felidae,Felis,catus,1,6/25/2018,7/1/2018,RECONYX,PC900 PROFESSIONAL,Yes,No,,3,,Domestic cat
UWIN Edmonton,Stevenson,EDALA04HOH2,Canada,GMT-6,345689.2159,5949576.68,12U,UWIN Season Fall 1,Season Fall 1,10/15/2018,15:28:14,Mammalia,Carnivora,Felidae,Felis,catus,1,9/24/2018,12/19/2018,Bushnell,119327,No,Unknown,,3,,Domestic cat
UWIN Edmonton,Stevenson,EDALA04HOH2,Canada,GMT-6,345689.2159,5949576.68,12U,UWIN Season Fall 1,Season Fall 1,10/18/2018,6:24:43,Mammalia,Carnivora,Felidae,Felis,catus,1,9/24/2018,12/19/2018,Bushnell,119327,No,Unknown,,3,,Domestic cat
UWIN Edmonton,Stevenson,EDALA04HOH2,Canada,GMT-6,345689.2159,5949576.68,12U,UWIN Season Fall 1,Season Fall 1,10/18/2018,16:56:03,Mammalia,Carnivora,Felidae,Felis,catus,1,9/24/2018,12/19/2018,Bushnell,119327,No,Unknown,,3,,Domestic cat
UWIN Edmonton,Stevenson,EDALA04HOH2,Canada,GMT-6,345689.2159,5949576.68,12U,UWIN Season Fall 1,Season Fall 1,10/18/2018,16:56:08,Mammalia,Carnivora,Felidae,Felis,catus,1,9/24/2018,12/19/2018,Bushnell,119327,No,Unknown,,3,,Domestic cat
UWIN Edmonton,Stevenson,EDALA04HOH2,Canada,GMT-6,345689.2159,5949576.68,12U,UWIN Season Fall 1,Season Fall 1,10/20/2018,6:43:49,Mammalia,Carnivora,Felidae,Felis,catus,1,9/24/2018,12/19/2018,Bushnell,119327,No,Unknown,,3,,Domestic cat
UWIN Edmonton,Stevenson,EDALA04HOH2,Canada,GMT-6,345689.2159,5949576.68,12U,UWIN Season Fall 1,Season Fall 1,10/28/2018,23:40:27,Mammalia,Carnivora,Felidae,Felis,catus,1,9/24/2018,12/19/2018,Bushnell,119327,No,Unknown,,3,,Domestic cat
UWIN Edmonton,Stevenson,EDALA04HOH2,Canada,GMT-6,345689.2159,5949576.68,12U,UWIN Season Fall 1,Season Fall 1,10/29/2018,17:38:31,Mammalia,Carnivora,Felidae,Felis,catus,1,9/24/2018,12/19/2018,Bushnell,119327,No,Unknown,,3,,Domestic cat
UWIN Edmonton,Stevenson,EDALA04HOH1,Canada,GMT-6,345886.2623,5949536.804,12U,,,9/1/2020,11:30:17,Mammalia,Carnivora,Felidae,Felis,catus,1,8/3/2020,12/3/2020,RECONYX,HF2 PRO COVERT,No,Unknown,,3,,Domestic cat
UWIN Edmonton,Stevenson,EDALA04HOH1,Canada,GMT-6,345886.2623,5949536.804,12U,,,9/1/2020,11:30:18,Mammalia,Carnivora,Felidae,Felis,catus,1,8/3/2020,12/3/2020,RECONYX,HF2 PRO COVERT,No,Unknown,,3,,Domestic cat
UWIN Edmonton,Stevenson,EDALA04HOH1,Canada,GMT-6,345886.2623,5949536.804,12U,,,9/1/2020,11:30:18,Mammalia,Carnivora,Felidae,Felis,catus,1,8/3/2020,12/3/2020,RECONYX,HF2 PRO COVERT,No,Unknown,,3,,Domestic cat
UWIN Edmonton,Stevenson,EDALA04HOH1,Canada,GMT-6,345886.2623,5949536.804,12U,,,9/12/2020,14:05:03,Mammalia,Carnivora,Felidae,Felis,catus,1,8/3/2020,12/3/2020,RECONYX,HF2 PRO COVERT,No,Unknown,,3,,Domestic cat
UWIN Edmonton,Stevenson,EDALA04HOH1,Canada,GMT-6,345886.2623,5949536.804,12U,,,9/12/2020,14:05:04,Mammalia,Carnivora,Felidae,Felis,catus,1,8/3/2020,12/3/2020,RECONYX,HF2 PRO COVERT,No,Unknown,,3,,Domestic cat
UWIN Edmonton,Stevenson,EDALA04HOH1,Canada,GMT-6,345886.2623,5949536.804,12U,,,9/12/2020,14:05:05,Mammalia,Carnivora,Felidae,Felis,catus,1,8/3/2020,12/3/2020,RECONYX,HF2 PRO COVERT,No,Unknown,,3,,Domestic cat
UWIN Edmonton,Stevenson,EDALA04HOH1,Canada,GMT-6,345886.2623,5949536.804,12U,,,9/17/2020,13:29:23,Mammalia,Carnivora,Felidae,Felis,catus,1,8/3/2020,12/3/2020,RECONYX,HF2 PRO COVERT,No,Unknown,,3,,Domestic cat
UWIN Edmonton,Stevenson,EDALA04HOH1,Canada,GMT-6,345886.2623,5949536.804,12U,,,9/17/2020,13:29:24,Mammalia,Carnivora,Felidae,Felis,catus,1,8/3/2020,12/3/2020,RECONYX,HF2 PRO COVERT,No,Unknown,,3,,Domestic cat
UWIN Edmonton,Stevenson,EDALA04HOH1,Canada,GMT-6,345886.2623,5949536.804,12U,,,9/17/2020,13:29:25,Mammalia,Carnivora,Felidae,Felis,catus,1,8/3/2020,12/3/2020,RECONYX,HF2 PRO COVERT,No,Unknown,,3,,Domestic cat
UWIN Edmonton,Stevenson,EDALA04HOH1,Canada,GMT-6,345886.2623,5949536.804,12U,,,9/17/2020,13:30:08,Mammalia,Carnivora,Felidae,Felis,catus,1,8/3/2020,12/3/2020,RECONYX,HF2 PRO COVERT,No,Unknown,,3,,Domestic cat
UWIN Edmonton,Stevenson,EDALA04HOH1,Canada,GMT-6,345886.2623,5949536.804,12U,,,9/17/2020,13:30:09,Mammalia,Carnivora,Felidae,Felis,catus,1,8/3/2020,12/3/2020,RECONYX,HF2 PRO COVERT,No,Unknown,,3,,Domestic cat
UWIN Edmonton,Stevenson,EDALA04HOH1,Canada,GMT-6,345886.2623,5949536.804,12U,,,9/17/2020,13:30:10,Mammalia,Carnivora,Felidae,Felis,catus,1,8/3/2020,12/3/2020,RECONYX,HF2 PRO COVERT,No,Unknown,,3,,Domestic cat
UWIN Edmonton,Stevenson,EDALA04HOH1,Canada,GMT-6,345886.2623,5949536.804,12U,,,9/21/2020,18:17:00,Mammalia,Carnivora,Felidae,Felis,catus,1,8/3/2020,12/3/2020,RECONYX,HF2 PRO COVERT,No,Unknown,,3,,Domestic cat
UWIN Edmonton,Stevenson,EDALA04HOH1,Canada,GMT-6,345886.2623,5949536.804,12U,,,9/21/2020,18:17:01,Mammalia,Carnivora,Felidae,Felis,catus,1,8/3/2020,12/3/2020,RECONYX,HF2 PRO COVERT,No,Unknown,,3,,Domestic cat
UWIN Edmonton,Stevenson,EDALA04HOH1,Canada,GMT-6,345886.2623,5949536.804,12U,,,9/21/2020,18:17:02,Mammalia,Carnivora,Felidae,Felis,catus,1,8/3/2020,12/3/2020,RECONYX,HF2 PRO COVERT,No,Unknown,,3,,Domestic cat
UWIN Edmonton,Stevenson,EDALA04HOH1,Canada,GMT-6,345886.2623,5949536.804,12U,,,9/22/2020,17:26:58,Mammalia,Carnivora,Felidae,Felis,catus,1,8/3/2020,12/3/2020,RECONYX,HF2 PRO COVERT,No,Unknown,,3,,Domestic cat
UWIN Edmonton,Stevenson,EDALA04HOH1,Canada,GMT-6,345886.2623,5949536.804,12U,UWIN Season Fall 3,Season Fall 3,10/2/2020,10:52:55,Mammalia,Carnivora,Felidae,Felis,catus,1,8/3/2020,12/3/2020,RECONYX,HF2 PRO COVERT,No,Unknown,,3,,Domestic cat
UWIN Edmonton,Stevenson,EDALA04HOH1,Canada,GMT-6,345886.2623,5949536.804,12U,UWIN Season Fall 3,Season Fall 3,10/2/2020,10:52:56,Mammalia,Carnivora,Felidae,Felis,catus,1,8/3/2020,12/3/2020,RECONYX,HF2 PRO COVERT,No,Unknown,,3,,Domestic cat
UWIN Edmonton,Stevenson,EDALA04HOH1,Canada,GMT-6,345886.2623,5949536.804,12U,UWIN Season Fall 3,Season Fall 3,10/2/2020,10:52:57,Mammalia,Carnivora,Felidae,Felis,catus,1,8/3/2020,12/3/2020,RECONYX,HF2 PRO COVERT,No,Unknown,,3,,Domestic cat
UWIN Edmonton,Stevenson,EDALA04HOH1,Canada,GMT-6,345886.2623,5949536.804,12U,UWIN Season Fall 3,Season Fall 3,10/2/2020,10:56:54,Mammalia,Carnivora,Felidae,Felis,catus,1,8/3/2020,12/3/2020,RECONYX,HF2 PRO COVERT,No,Unknown,,3,,Domestic cat
UWIN Edmonton,Stevenson,EDALA04HOH1,Canada,GMT-6,345886.2623,5949536.804,12U,UWIN Season Fall 3,Season Fall 3,10/2/2020,10:56:55,Mammalia,Carnivora,Felidae,Felis,catus,1,8/3/2020,12/3/2020,RECONYX,HF2 PRO COVERT,No,Unknown,,3,,Domestic cat
UWIN Edmonton,Stevenson,EDALA04HOH1,Canada,GMT-6,345886.2623,5949536.804,12U,UWIN Season Fall 3,Season Fall 3,10/2/2020,10:56:56,Mammalia,Carnivora,Felidae,Felis,catus,1,8/3/2020,12/3/2020,RECONYX,HF2 PRO COVERT,No,Unknown,,3,,Domestic cat
UWIN Edmonton,Stevenson,EDALA04HOH1,Canada,GMT-6,345886.2623,5949536.804,12U,UWIN Season Fall 3,Season Fall 3,10/2/2020,14:10:13,Mammalia,Carnivora,Felidae,Felis,catus,1,8/3/2020,12/3/2020,RECONYX,HF2 PRO COVERT,No,Unknown,,3,,Domestic cat
UWIN Edmonton,Stevenson,EDALA04HOH1,Canada,GMT-6,345886.2623,5949536.804,12U,UWIN Season Fall 3,Season Fall 3,10/2/2020,14:10:13,Mammalia,Carnivora,Felidae,Felis,catus,1,8/3/2020,12/3/2020,RECONYX,HF2 PRO COVERT,No,Unknown,,3,,Domestic cat
UWIN Edmonton,Stevenson,EDALA04HOH1,Canada,GMT-6,345886.2623,5949536.804,12U,UWIN Season Fall 3,Season Fall 3,10/2/2020,14:10:14,Mammalia,Carnivora,Felidae,Felis,catus,1,8/3/2020,12/3/2020,RECONYX,HF2 PRO COVERT,No,Unknown,,3,,Domestic cat
UWIN Edmonton,Stevenson,EDALA04HOH1,Canada,GMT-6,345886.2623,5949536.804,12U,UWIN Season Fall 3,Season Fall 3,10/2/2020,14:12:15,Mammalia,Carnivora,Felidae,Felis,catus,1,8/3/2020,12/3/2020,RECONYX,HF2 PRO COVERT,No,Unknown,,3,,Domestic cat
UWIN Edmonton,Stevenson,EDALA04HOH1,Canada,GMT-6,345886.2623,5949536.804,12U,UWIN Season Fall 3,Season Fall 3,10/2/2020,14:12:16,Mammalia,Carnivora,Felidae,Felis,catus,1,8/3/2020,12/3/2020,RECONYX,HF2 PRO COVERT,No,Unknown,,3,,Domestic cat
UWIN Edmonton,Stevenson,EDALA04HOH1,Canada,GMT-6,345886.2623,5949536.804,12U,UWIN Season Fall 3,Season Fall 3,10/2/2020,14:12:17,Mammalia,Carnivora,Felidae,Felis,catus,1,8/3/2020,12/3/2020,RECONYX,HF2 PRO COVERT,No,Unknown,,3,,Domestic cat
UWIN Edmonton,Stevenson,EDALA04HOH1,Canada,GMT-6,345886.2623,5949536.804,12U,UWIN Season Fall 3,Season Fall 3,10/9/2020,13:13:50,Mammalia,Carnivora,Felidae,Felis,catus,1,8/3/2020,12/3/2020,RECONYX,HF2 PRO COVERT,No,Unknown,,3,,Domestic cat
UWIN Edmonton,Stevenson,EDALA04HOH1,Canada,GMT-6,345886.2623,5949536.804,12U,UWIN Season Fall 3,Season Fall 3,10/9/2020,13:13:52,Mammalia,Carnivora,Felidae,Felis,catus,1,8/3/2020,12/3/2020,RECONYX,HF2 PRO COVERT,No,Unknown,,3,,Domestic cat
UWIN Edmonton,Stevenson,EDALA04HOH1,Canada,GMT-6,345886.2623,5949536.804,12U,UWIN Season Fall 3,Season Fall 3,10/9/2020,13:13:52,Mammalia,Carnivora,Felidae,Felis,catus,1,8/3/2020,12/3/2020,RECONYX,HF2 PRO COVERT,No,Unknown,,3,,Domestic cat
UWIN Edmonton,Stevenson,EDALA04HOH1,Canada,GMT-6,345886.2623,5949536.804,12U,UWIN Season Fall 3,Season Fall 3,10/9/2020,13:30:51,Mammalia,Carnivora,Felidae,Felis,catus,1,8/3/2020,12/3/2020,RECONYX,HF2 PRO COVERT,No,Unknown,,3,,Domestic cat
UWIN Edmonton,Stevenson,EDALA04HOH1,Canada,GMT-6,345886.2623,5949536.804,12U,UWIN Season Fall 3,Season Fall 3,10/9/2020,13:30:52,Mammalia,Carnivora,Felidae,Felis,catus,1,8/3/2020,12/3/2020,RECONYX,HF2 PRO COVERT,No,Unknown,,3,,Domestic cat
UWIN Edmonton,Stevenson,EDALA04HOH1,Canada,GMT-6,345886.2623,5949536.804,12U,UWIN Season Fall 3,Season Fall 3,10/9/2020,13:30:52,Mammalia,Carnivora,Felidae,Felis,catus,1,8/3/2020,12/3/2020,RECONYX,HF2 PRO COVERT,No,Unknown,,3,,Domestic cat
UWIN Edmonton,Stevenson,EDALA04HOH1,Canada,GMT-6,345886.2623,5949536.804,12U,UWIN Season Fall 3,Season Fall 3,10/10/2020,12:37:59,Mammalia,Carnivora,Felidae,Felis,catus,1,8/3/2020,12/3/2020,RECONYX,HF2 PRO COVERT,No,Unknown,,3,,Domestic cat
UWIN Edmonton,Stevenson,EDALA04HOH1,Canada,GMT-6,345886.2623,5949536.804,12U,UWIN Season Fall 3,Season Fall 3,10/10/2020,12:38:00,Mammalia,Carnivora,Felidae,Felis,catus,1,8/3/2020,12/3/2020,RECONYX,HF2 PRO COVERT,No,Unknown,,3,,Domestic cat
UWIN Edmonton,Stevenson,EDALA04HOH1,Canada,GMT-6,345886.2623,5949536.804,12U,UWIN Season Fall 3,Season Fall 3,10/10/2020,12:38:01,Mammalia,Carnivora,Felidae,Felis,catus,1,8/3/2020,12/3/2020,RECONYX,HF2 PRO COVERT,No,Unknown,,3,,Domestic cat
UWIN Edmonton,Stevenson,EDALA04HOH1,Canada,GMT-6,345886.2623,5949536.804,12U,UWIN Season Fall 3,Season Fall 3,10/11/2020,14:23:48,Mammalia,Carnivora,Felidae,Felis,catus,1,8/3/2020,12/3/2020,RECONYX,HF2 PRO COVERT,No,Unknown,,3,,Domestic cat
UWIN Edmonton,Stevenson,EDALA04HOH1,Canada,GMT-6,345886.2623,5949536.804,12U,UWIN Season Fall 3,Season Fall 3,10/19/2020,13:31:03,Mammalia,Carnivora,Felidae,Felis,catus,1,8/3/2020,12/3/2020,RECONYX,HF2 PRO COVERT,No,Unknown,,3,,Domestic cat
UWIN Edmonton,Stevenson,EDALA04HOH1,Canada,GMT-6,345886.2623,5949536.804,12U,UWIN Season Fall 3,Season Fall 3,10/19/2020,13:31:04,Mammalia,Carnivora,Felidae,Felis,catus,1,8/3/2020,12/3/2020,RECONYX,HF2 PRO COVERT,No,Unknown,,3,,Domestic cat
UWIN Edmonton,Stevenson,EDALA04HOH1,Canada,GMT-6,345886.2623,5949536.804,12U,UWIN Season Fall 3,Season Fall 3,10/19/2020,13:31:05,Mammalia,Carnivora,Felidae,Felis,catus,1,8/3/2020,12/3/2020,RECONYX,HF2 PRO COVERT,No,Unknown,,3,,Domestic cat
UWIN Edmonton,Stevenson,EDALA04HOH1,Canada,GMT-6,345886.2623,5949536.804,12U,UWIN Season Fall 3,Season Fall 3,10/20/2020,16:01:12,Mammalia,Carnivora,Felidae,Felis,catus,1,8/3/2020,12/3/2020,RECONYX,HF2 PRO COVERT,No,Unknown,,3,,Domestic cat
UWIN Edmonton,Stevenson,EDALA04HOH1,Canada,GMT-6,345886.2623,5949536.804,12U,UWIN Season Fall 3,Season Fall 3,10/20/2020,16:01:13,Mammalia,Carnivora,Felidae,Felis,catus,1,8/3/2020,12/3/2020,RECONYX,HF2 PRO COVERT,No,Unknown,,3,,Domestic cat
UWIN Edmonton,Stevenson,EDALA04HOH1,Canada,GMT-6,345886.2623,5949536.804,12U,UWIN Season Fall 3,Season Fall 3,10/20/2020,16:01:14,Mammalia,Carnivora,Felidae,Felis,catus,1,8/3/2020,12/3/2020,RECONYX,HF2 PRO COVERT,No,Unknown,,3,,Domestic cat
UWIN Edmonton,Stevenson,EDALA04HOH2,Canada,GMT-6,345689.2159,5949576.68,12U,,,8/10/2019,14:25:07,Mammalia,Carnivora,Felidae,Felis,catus,1,8/2/2019,9/30/2019,RECONYX,HF2 PRO COVERT,No,Unknown,,3,,Domestic cat
UWIN Edmonton,Stevenson,EDALA04HOH2,Canada,GMT-6,345689.2159,5949576.68,12U,,,8/10/2019,14:25:09,Mammalia,Carnivora,Felidae,Felis,catus,1,8/2/2019,9/30/2019,RECONYX,HF2 PRO COVERT,No,Unknown,,3,,Domestic cat
UWIN Edmonton,Stevenson,EDALA04HOH2,Canada,GMT-6,345689.2159,5949576.68,12U,,,8/10/2019,14:25:10,Mammalia,Carnivora,Felidae,Felis,catus,1,8/2/2019,9/30/2019,RECONYX,HF2 PRO COVERT,No,Unknown,,3,,Domestic cat
UWIN Edmonton,Stevenson,EDALA04HOH2,Canada,GMT-6,345689.2159,5949576.68,12U,,,8/10/2019,14:25:14,Mammalia,Carnivora,Felidae,Felis,catus,1,8/2/2019,9/30/2019,RECONYX,HF2 PRO COVERT,No,Unknown,,3,,Domestic cat
UWIN Edmonton,Stevenson,EDALA04HOH2,Canada,GMT-6,345689.2159,5949576.68,12U,,,8/10/2019,14:25:15,Mammalia,Carnivora,Felidae,Felis,catus,1,8/2/2019,9/30/2019,RECONYX,HF2 PRO COVERT,No,Unknown,,3,,Domestic cat
UWIN Edmonton,Stevenson,EDALA04HOH2,Canada,GMT-6,345689.2159,5949576.68,12U,,,8/10/2019,14:25:16,Mammalia,Carnivora,Felidae,Felis,catus,1,8/2/2019,9/30/2019,RECONYX,HF2 PRO COVERT,No,Unknown,,3,,Domestic cat
UWIN Edmonton,Stevenson,EDALA04HOH2,Canada,GMT-6,345689.2159,5949576.68,12U,,,8/10/2019,14:25:39,Mammalia,Carnivora,Felidae,Felis,catus,1,8/2/2019,9/30/2019,RECONYX,HF2 PRO COVERT,No,Unknown,,3,,Domestic cat
UWIN Edmonton,Stevenson,EDALA04HOH2,Canada,GMT-6,345689.2159,5949576.68,12U,,,8/10/2019,14:25:40,Mammalia,Carnivora,Felidae,Felis,catus,1,8/2/2019,9/30/2019,RECONYX,HF2 PRO COVERT,No,Unknown,,3,,Domestic cat
UWIN Edmonton,Stevenson,EDALA04HOH2,Canada,GMT-6,345689.2159,5949576.68,12U,,,8/10/2019,14:25:41,Mammalia,Carnivora,Felidae,Felis,catus,1,8/2/2019,9/30/2019,RECONYX,HF2 PRO COVERT,No,Unknown,,3,,Domestic cat
UWIN Edmonton,Stevenson,EDALA04HOH2,Canada,GMT-6,345689.2159,5949576.68,12U,,,8/10/2019,14:26:06,Mammalia,Carnivora,Felidae,Felis,catus,1,8/2/2019,9/30/2019,RECONYX,HF2 PRO COVERT,No,Unknown,,3,,Domestic cat
UWIN Edmonton,Stevenson,EDALA04HOH2,Canada,GMT-6,345689.2159,5949576.68,12U,,,8/10/2019,14:26:07,Mammalia,Carnivora,Felidae,Felis,catus,1,8/2/2019,9/30/2019,RECONYX,HF2 PRO COVERT,No,Unknown,,3,,Domestic cat
UWIN Edmonton,Stevenson,EDALA04HOH2,Canada,GMT-6,345689.2159,5949576.68,12U,,,8/10/2019,14:26:08,Mammalia,Carnivora,Felidae,Felis,catus,1,8/2/2019,9/30/2019,RECONYX,HF2 PRO COVERT,No,Unknown,,3,,Domestic cat
UWIN Edmonton,Stevenson,EDALA04HOH2,Canada,GMT-6,345689.2159,5949576.68,12U,,,8/10/2019,14:28:14,Mammalia,Carnivora,Felidae,Felis,catus,1,8/2/2019,9/30/2019,RECONYX,HF2 PRO COVERT,No,Unknown,,3,,Domestic cat
UWIN Edmonton,Stevenson,EDALA04HOH2,Canada,GMT-6,345689.2159,5949576.68,12U,,,8/10/2019,14:28:15,Mammalia,Carnivora,Felidae,Felis,catus,1,8/2/2019,9/30/2019,RECONYX,HF2 PRO COVERT,No,Unknown,,3,,Domestic cat
UWIN Edmonton,Stevenson,EDALA04HOH2,Canada,GMT-6,345689.2159,5949576.68,12U,,,8/10/2019,14:28:16,Mammalia,Carnivora,Felidae,Felis,catus,1,8/2/2019,9/30/2019,RECONYX,HF2 PRO COVERT,No,Unknown,,3,,Domestic cat
UWIN Edmonton,Stevenson,EDALA04HOH2,Canada,GMT-6,345689.2159,5949576.68,12U,,,8/10/2019,14:29:41,Mammalia,Carnivora,Felidae,Felis,catus,1,8/2/2019,9/30/2019,RECONYX,HF2 PRO COVERT,No,Unknown,,3,,Domestic cat
UWIN Edmonton,Stevenson,EDALA04HOH2,Canada,GMT-6,345689.2159,5949576.68,12U,,,8/10/2019,14:29:42,Mammalia,Carnivora,Felidae,Felis,catus,1,8/2/2019,9/30/2019,RECONYX,HF2 PRO COVERT,No,Unknown,,3,,Domestic cat
UWIN Edmonton,Stevenson,EDALA04HOH2,Canada,GMT-6,345689.2159,5949576.68,12U,,,8/10/2019,14:29:43,Mammalia,Carnivora,Felidae,Felis,catus,1,8/2/2019,9/30/2019,RECONYX,HF2 PRO COVERT,No,Unknown,,3,,Domestic cat
UWIN Edmonton,Stevenson,EDALA04HOH2,Canada,GMT-6,345689.2159,5949576.68,12U,,,8/10/2019,14:29:54,Mammalia,Carnivora,Felidae,Felis,catus,1,8/2/2019,9/30/2019,RECONYX,HF2 PRO COVERT,No,Unknown,,3,,Domestic cat
UWIN Edmonton,Stevenson,EDALA04HOH2,Canada,GMT-6,345689.2159,5949576.68,12U,,,8/10/2019,14:29:55,Mammalia,Carnivora,Felidae,Felis,catus,1,8/2/2019,9/30/2019,RECONYX,HF2 PRO COVERT,No,Unknown,,3,,Domestic cat
UWIN Edmonton,Stevenson,EDALA04HOH2,Canada,GMT-6,345689.2159,5949576.68,12U,,,8/10/2019,14:29:56,Mammalia,Carnivora,Felidae,Felis,catus,1,8/2/2019,9/30/2019,RECONYX,HF2 PRO COVERT,No,Unknown,,3,,Domestic cat
UWIN Edmonton,Stevenson,EDALA04HOH2,Canada,GMT-6,345689.2159,5949576.68,12U,,,8/10/2019,14:32:15,Mammalia,Carnivora,Felidae,Felis,catus,1,8/2/2019,9/30/2019,RECONYX,HF2 PRO COVERT,No,Unknown,,3,,Domestic cat
UWIN Edmonton,Stevenson,EDALA04HOH2,Canada,GMT-6,345689.2159,5949576.68,12U,,,8/10/2019,14:32:16,Mammalia,Carnivora,Felidae,Felis,catus,1,8/2/2019,9/30/2019,RECONYX,HF2 PRO COVERT,No,Unknown,,3,,Domestic cat
UWIN Edmonton,Stevenson,EDALA04HOH2,Canada,GMT-6,345689.2159,5949576.68,12U,,,8/10/2019,14:33:01,Mammalia,Carnivora,Felidae,Felis,catus,1,8/2/2019,9/30/2019,RECONYX,HF2 PRO COVERT,No,Unknown,,3,,Domestic cat
UWIN Edmonton,Stevenson,EDALA04HOH2,Canada,GMT-6,345689.2159,5949576.68,12U,,,8/10/2019,14:33:02,Mammalia,Carnivora,Felidae,Felis,catus,1,8/2/2019,9/30/2019,RECONYX,HF2 PRO COVERT,No,Unknown,,3,,Domestic cat
UWIN Edmonton,Stevenson,EDALA04HOH2,Canada,GMT-6,345689.2159,5949576.68,12U,,,8/10/2019,14:33:03,Mammalia,Carnivora,Felidae,Felis,catus,1,8/2/2019,9/30/2019,RECONYX,HF2 PRO COVERT,No,Unknown,,3,,Domestic cat
UWIN Edmonton,Stevenson,EDALA04HOH2,Canada,GMT-6,345689.2159,5949576.68,12U,,,8/10/2019,14:33:27,Mammalia,Carnivora,Felidae,Felis,catus,1,8/2/2019,9/30/2019,RECONYX,HF2 PRO COVERT,No,Unknown,,3,,Domestic cat
UWIN Edmonton,Stevenson,EDALA04HOH2,Canada,GMT-6,345689.2159,5949576.68,12U,,,8/10/2019,14:33:28,Mammalia,Carnivora,Felidae,Felis,catus,1,8/2/2019,9/30/2019,RECONYX,HF2 PRO COVERT,No,Unknown,,3,,Domestic cat
UWIN Edmonton,Stevenson,EDALA04HOH2,Canada,GMT-6,345689.2159,5949576.68,12U,,,8/10/2019,14:33:29,Mammalia,Carnivora,Felidae,Felis,catus,1,8/2/2019,9/30/2019,RECONYX,HF2 PRO COVERT,No,Unknown,,3,,Domestic cat
UWIN Edmonton,Stevenson,EDALA04HOH2,Canada,GMT-6,345689.2159,5949576.68,12U,,,9/13/2019,16:29:36,Mammalia,Carnivora,Felidae,Felis,catus,1,8/2/2019,9/30/2019,RECONYX,HF2 PRO COVERT,No,Unknown,,3,,Domestic cat
UWIN Edmonton,Stevenson,EDALA04HOH2,Canada,GMT-6,345689.2159,5949576.68,12U,,,9/13/2019,16:29:37,Mammalia,Carnivora,Felidae,Felis,catus,1,8/2/2019,9/30/2019,RECONYX,HF2 PRO COVERT,No,Unknown,,3,,Domestic cat
UWIN Edmonton,Stevenson,EDALA01VIP1,Canada,GMT-6,337143.2246,5937636.191,12U,UWIN Season Summer 1,Season Summer 1,7/8/2018,13:15:57,Mammalia,Carnivora,Felidae,Felis,catus,1,6/29/2018,8/1/2018,RECONYX,PC900 PROFESSIONAL,No,Unknown,,3,,Domestic cat
UWIN Edmonton,Stevenson,EDALA01VIP1,Canada,GMT-6,337143.2246,5937636.191,12U,UWIN Season Summer 1,Season Summer 1,7/12/2018,10:22:39,Mammalia,Carnivora,Felidae,Felis,catus,1,6/29/2018,8/1/2018,RECONYX,PC900 PROFESSIONAL,No,Unknown,,3,,Domestic cat
UWIN Edmonton,Stevenson,EDALA01VIP1,Canada,GMT-6,337143.2246,5937636.191,12U,UWIN Season Summer 1,Season Summer 1,7/12/2018,10:22:40,Mammalia,Carnivora,Felidae,Felis,catus,1,6/29/2018,8/1/2018,RECONYX,PC900 PROFESSIONAL,No,Unknown,,3,,Domestic cat
UWIN Edmonton,Stevenson,EDALA01VIP1,Canada,GMT-6,337143.2246,5937636.191,12U,UWIN Season Summer 1,Season Summer 1,7/12/2018,10:22:41,Mammalia,Carnivora,Felidae,Felis,catus,1,6/29/2018,8/1/2018,RECONYX,PC900 PROFESSIONAL,No,Unknown,,3,,Domestic cat
UWIN Edmonton,Stevenson,EDALA01VIP1,Canada,GMT-6,337143.2246,5937636.191,12U,UWIN Season Summer 1,Season Summer 1,7/12/2018,10:41:43,Mammalia,Carnivora,Felidae,Felis,catus,1,6/29/2018,8/1/2018,RECONYX,PC900 PROFESSIONAL,No,Unknown,,3,,Domestic cat
UWIN Edmonton,Stevenson,EDALA01VIP1,Canada,GMT-6,337143.2246,5937636.191,12U,UWIN Season Summer 1,Season Summer 1,7/12/2018,10:41:44,Mammalia,Carnivora,Felidae,Felis,catus,1,6/29/2018,8/1/2018,RECONYX,PC900 PROFESSIONAL,No,Unknown,,3,,Domestic cat
UWIN Edmonton,Stevenson,EDALA01VIP1,Canada,GMT-6,337143.2246,5937636.191,12U,UWIN Season Summer 1,Season Summer 1,7/12/2018,10:41:45,Mammalia,Carnivora,Felidae,Felis,catus,1,6/29/2018,8/1/2018,RECONYX,PC900 PROFESSIONAL,No,Unknown,,3,,Domestic cat
UWIN Edmonton,Stevenson,EDALA01VIP1,Canada,GMT-6,337143.2246,5937636.191,12U,UWIN Season Summer 1,Season Summer 1,7/18/2018,11:39:16,Mammalia,Carnivora,Felidae,Felis,catus,1,6/29/2018,8/1/2018,RECONYX,PC900 PROFESSIONAL,No,Unknown,,3,,Domestic cat
UWIN Edmonton,Stevenson,EDALA01VIP1,Canada,GMT-6,337143.2246,5937636.191,12U,UWIN Season Summer 1,Season Summer 1,7/18/2018,11:39:17,Mammalia,Carnivora,Felidae,Felis,catus,1,6/29/2018,8/1/2018,RECONYX,PC900 PROFESSIONAL,No,Unknown,,3,,Domestic cat
UWIN Edmonton,Stevenson,EDALA01VIP1,Canada,GMT-6,337143.2246,5937636.191,12U,UWIN Season Summer 1,Season Summer 1,7/18/2018,11:39:18,Mammalia,Carnivora,Felidae,Felis,catus,1,6/29/2018,8/1/2018,RECONYX,PC900 PROFESSIONAL,No,Unknown,,3,,Domestic cat
UWIN Edmonton,Stevenson,EDALA02BEL1,Canada,GMT-6,338848.8233,5940990.313,12U,UWIN Season Fall 1,Season Fall 1,10/26/2018,17:05:43,Mammalia,Carnivora,Felidae,Felis,catus,1,9/29/2018,12/29/2018,RECONYX,PC900 PROFESSIONAL,No,Unknown,,3,,Domestic cat
UWIN Edmonton,Stevenson,EDALA02BEL1,Canada,GMT-6,338848.8233,5940990.313,12U,UWIN Season Fall 1,Season Fall 1,10/26/2018,17:05:44,Mammalia,Carnivora,Felidae,Felis,catus,1,9/29/2018,12/29/2018,RECONYX,PC900 PROFESSIONAL,No,Unknown,,3,,Domestic cat
UWIN Edmonton,Stevenson,EDALA02BEL1,Canada,GMT-6,338848.8233,5940990.313,12U,UWIN Season Fall 1,Season Fall 1,10/26/2018,17:05:45,Mammalia,Carnivora,Felidae,Felis,catus,1,9/29/2018,12/29/2018,RECONYX,PC900 PROFESSIONAL,No,Unknown,,3,,Domestic cat
UWIN Edmonton,Stevenson,EDALA04HOH1,Canada,GMT-6,345886.2623,5949536.804,12U,UWIN Season Fall 3,Season Fall 3,10/16/2020,19:56:31,Mammalia,Carnivora,Felidae,Felis,catus,1,8/3/2020,12/3/2020,RECONYX,HF2 PRO COVERT,Yes,Unknown,,3,,Domestic cat
UWIN Edmonton,Stevenson,EDALA04HOH1,Canada,GMT-6,345886.2623,5949536.804,12U,UWIN Season Fall 3,Season Fall 3,10/16/2020,19:56:31,Mammalia,Carnivora,Felidae,Felis,catus,1,8/3/2020,12/3/2020,RECONYX,HF2 PRO COVERT,Yes,Unknown,,3,,Domestic cat
UWIN Edmonton,Stevenson,EDALA04HOH1,Canada,GMT-6,345886.2623,5949536.804,12U,UWIN Season Fall 3,Season Fall 3,10/16/2020,19:56:32,Mammalia,Carnivora,Felidae,Felis,catus,1,8/3/2020,12/3/2020,RECONYX,HF2 PRO COVERT,Yes,Unknown,,3,,Domestic cat
UWIN Edmonton,Stevenson,EDALA04HOH1,Canada,GMT-6,345886.2623,5949536.804,12U,UWIN Season Fall 3,Season Fall 3,10/31/2020,18:35:53,Mammalia,Carnivora,Felidae,Felis,catus,1,8/3/2020,12/3/2020,RECONYX,HF2 PRO COVERT,Yes,Unknown,,3,,Domestic cat
UWIN Edmonton,Stevenson,EDALA04HOH1,Canada,GMT-6,345886.2623,5949536.804,12U,UWIN Season Fall 3,Season Fall 3,10/31/2020,18:35:54,Mammalia,Carnivora,Felidae,Felis,catus,1,8/3/2020,12/3/2020,RECONYX,HF2 PRO COVERT,Yes,Unknown,,3,,Domestic cat
UWIN Edmonton,Stevenson,EDALA04HOH1,Canada,GMT-6,345886.2623,5949536.804,12U,UWIN Season Fall 3,Season Fall 3,10/31/2020,18:35:55,Mammalia,Carnivora,Felidae,Felis,catus,1,8/3/2020,12/3/2020,RECONYX,HF2 PRO COVERT,Yes,Unknown,,3,,Domestic cat
UWIN Edmonton,Stevenson,EDALA04HOH1,Canada,GMT-6,345886.2623,5949536.804,12U,,,11/3/2020,3:17:58,Mammalia,Carnivora,Felidae,Felis,catus,1,8/3/2020,12/3/2020,RECONYX,HF2 PRO COVERT,Yes,Unknown,,3,,Domestic cat
UWIN Edmonton,Stevenson,EDALA04HOH1,Canada,GMT-6,345886.2623,5949536.804,12U,,,11/3/2020,3:17:59,Mammalia,Carnivora,Felidae,Felis,catus,1,8/3/2020,12/3/2020,RECONYX,HF2 PRO COVERT,Yes,Unknown,,3,,Domestic cat
UWIN Edmonton,Stevenson,EDALA04HOH1,Canada,GMT-6,345886.2623,5949536.804,12U,,,11/3/2020,3:17:59,Mammalia,Carnivora,Felidae,Felis,catus,1,8/3/2020,12/3/2020,RECONYX,HF2 PRO COVERT,Yes,Unknown,,3,,Domestic cat
UWIN Edmonton,Stevenson,EDALA04HOH1,Canada,GMT-6,345886.2623,5949536.804,12U,,,11/3/2020,3:18:55,Mammalia,Carnivora,Felidae,Felis,catus,1,8/3/2020,12/3/2020,RECONYX,HF2 PRO COVERT,Yes,Unknown,,3,,Domestic cat
UWIN Edmonton,Stevenson,EDALA04HOH1,Canada,GMT-6,345886.2623,5949536.804,12U,,,11/3/2020,3:18:55,Mammalia,Carnivora,Felidae,Felis,catus,1,8/3/2020,12/3/2020,RECONYX,HF2 PRO COVERT,Yes,Unknown,,3,,Domestic cat
UWIN Edmonton,Stevenson,EDALA04HOH1,Canada,GMT-6,345886.2623,5949536.804,12U,,,11/3/2020,3:18:56,Mammalia,Carnivora,Felidae,Felis,catus,1,8/3/2020,12/3/2020,RECONYX,HF2 PRO COVERT,Yes,Unknown,,3,,Domestic cat
UWIN Edmonton,Stevenson,EDALD02WEL1,Canada,GMT-6,330865.5468,5941358.545,12U,,,6/4/2018,1:02:38,Mammalia,Carnivora,Felidae,Felis,catus,1,5/31/2018,6/25/2018,RECONYX,PC900 PROFESSIONAL,Yes,Unknown,,3,,Domestic cat
UWIN Edmonton,Stevenson,EDALD02WEL1,Canada,GMT-6,330865.5468,5941358.545,12U,,,6/4/2018,1:02:39,Mammalia,Carnivora,Felidae,Felis,catus,1,5/31/2018,6/25/2018,RECONYX,PC900 PROFESSIONAL,Yes,Unknown,,3,,Domestic cat
UWIN Edmonton,Stevenson,EDALD02WEL1,Canada,GMT-6,330865.5468,5941358.545,12U,,,6/4/2018,1:02:40,Mammalia,Carnivora,Felidae,Felis,catus,1,5/31/2018,6/25/2018,RECONYX,PC900 PROFESSIONAL,Yes,Unknown,,3,,Domestic cat
UWIN Edmonton,Stevenson,EDALA04HOH2,Canada,GMT-6,345689.2159,5949576.68,12U,,,9/24/2018,11:28:38,Mammalia,Carnivora,Felidae,Felis,catus,1,9/24/2018,12/19/2018,Bushnell,119327,No,Yes,Synthetic Fatty Acid Survey Disk (Pocatello Supply),3,,Domestic cat
UWIN Edmonton,Stevenson,EDALA04HOH2,Canada,GMT-6,345689.2159,5949576.68,12U,,,9/24/2018,20:44:42,Mammalia,Carnivora,Felidae,Felis,catus,1,9/24/2018,12/19/2018,Bushnell,119327,No,Yes,Synthetic Fatty Acid Survey Disk (Pocatello Supply),3,,Domestic cat
UWIN Edmonton,Stevenson,EDALA04HOH2,Canada,GMT-6,345689.2159,5949576.68,12U,,,9/24/2018,22:54:56,Mammalia,Carnivora,Felidae,Felis,catus,1,9/24/2018,12/19/2018,Bushnell,119327,No,Yes,Synthetic Fatty Acid Survey Disk (Pocatello Supply),3,,Domestic cat
UWIN Edmonton,Stevenson,EDALA04HOH2,Canada,GMT-6,345689.2159,5949576.68,12U,,,9/26/2018,18:34:44,Mammalia,Carnivora,Felidae,Felis,catus,1,9/24/2018,12/19/2018,Bushnell,119327,No,Yes,Synthetic Fatty Acid Survey Disk (Pocatello Supply),3,,Domestic cat
UWIN Edmonton,Stevenson,EDALA04HOH2,Canada,GMT-6,345689.2159,5949576.68,12U,,,9/26/2018,18:34:49,Mammalia,Carnivora,Felidae,Felis,catus,1,9/24/2018,12/19/2018,Bushnell,119327,No,Yes,Synthetic Fatty Acid Survey Disk (Pocatello Supply),3,,Domestic cat
UWIN Edmonton,Stevenson,EDALA04HOH2,Canada,GMT-6,345689.2159,5949576.68,12U,,,9/26/2018,18:34:50,Mammalia,Carnivora,Felidae,Felis,catus,1,9/24/2018,12/19/2018,Bushnell,119327,No,Yes,Synthetic Fatty Acid Survey Disk (Pocatello Supply),3,,Domestic cat
UWIN Edmonton,Stevenson,EDALA04HOH2,Canada,GMT-6,345689.2159,5949576.68,12U,,,9/30/2018,4:01:00,Mammalia,Carnivora,Felidae,Felis,catus,1,9/24/2018,12/19/2018,Bushnell,119327,No,Yes,Synthetic Fatty Acid Survey Disk (Pocatello Supply),3,,Domestic cat
UWIN Edmonton,Stevenson,EDALA04HOH2,Canada,GMT-6,345689.2159,5949576.68,12U,UWIN Season Fall 1,Season Fall 1,10/3/2018,11:37:23,Mammalia,Carnivora,Felidae,Felis,catus,1,9/24/2018,12/19/2018,Bushnell,119327,No,Yes,Synthetic Fatty Acid Survey Disk (Pocatello Supply),3,,Domestic cat
UWIN Edmonton,Stevenson,EDALA04HOH2,Canada,GMT-6,345689.2159,5949576.68,12U,UWIN Season Fall 1,Season Fall 1,10/3/2018,11:37:28,Mammalia,Carnivora,Felidae,Felis,catus,1,9/24/2018,12/19/2018,Bushnell,119327,No,Yes,Synthetic Fatty Acid Survey Disk (Pocatello Supply),3,,Domestic cat
UWIN Edmonton,Stevenson,EDALA04HOH2,Canada,GMT-6,345689.2159,5949576.68,12U,UWIN Season Fall 1,Season Fall 1,10/6/2018,10:03:27,Mammalia,Carnivora,Felidae,Felis,catus,1,9/24/2018,12/19/2018,Bushnell,119327,No,Yes,Synthetic Fatty Acid Survey Disk (Pocatello Supply),3,,Domestic cat
UWIN Edmonton,Stevenson,EDALA04HOH2,Canada,GMT-6,345689.2159,5949576.68,12U,UWIN Season Fall 1,Season Fall 1,10/6/2018,10:03:32,Mammalia,Carnivora,Felidae,Felis,catus,1,9/24/2018,12/19/2018,Bushnell,119327,No,Yes,Synthetic Fatty Acid Survey Disk (Pocatello Supply),3,,Domestic cat
UWIN Edmonton,Stevenson,EDALA04HOH2,Canada,GMT-6,345689.2159,5949576.68,12U,UWIN Season Fall 1,Season Fall 1,10/6/2018,10:03:34,Mammalia,Carnivora,Felidae,Felis,catus,1,9/24/2018,12/19/2018,Bushnell,119327,No,Yes,Synthetic Fatty Acid Survey Disk (Pocatello Supply),3,,Domestic cat
UWIN Edmonton,Stevenson,EDALA04HOH2,Canada,GMT-6,345689.2159,5949576.68,12U,UWIN Season Fall 1,Season Fall 1,10/8/2018,16:04:56,Mammalia,Carnivora,Felidae,Felis,catus,1,9/24/2018,12/19/2018,Bushnell,119327,No,Yes,Synthetic Fatty Acid Survey Disk (Pocatello Supply),3,,Domestic cat
UWIN Edmonton,Stevenson,EDALB02DAI1,Canada,GMT-6,337706.8513,5930887.66,12U,UWIN Season Summer 1,Season Summer 1,7/29/2018,8:46:52,Mammalia,Carnivora,Felidae,Felis,catus,1,6/28/2018,8/1/2018,RECONYX,PC900 PROFESSIONAL,No,Yes,Synthetic Fatty Acid Survey Disk (Pocatello Supply),3,,Domestic cat
UWIN Edmonton,Stevenson,EDALB03STB1,Canada,GMT-6,340593.8371,5925828.894,12U,UWIN Season Summer 2,Season Summer 2,7/26/2019,7:29:44,Mammalia,Carnivora,Felidae,Felis,catus,1,6/28/2019,10/22/2019,RECONYX,HF2 PRO COVERT,No,Yes,Synthetic Fatty Acid Survey Disk (Pocatello Supply),3,,Domestic cat
UWIN Edmonton,Stevenson,EDALB03STB1,Canada,GMT-6,340593.8371,5925828.894,12U,UWIN Season Summer 2,Season Summer 2,7/26/2019,7:29:45,Mammalia,Carnivora,Felidae,Felis,catus,1,6/28/2019,10/22/2019,RECONYX,HF2 PRO COVERT,No,Yes,Synthetic Fatty Acid Survey Disk (Pocatello Supply),3,,Domestic cat
UWIN Edmonton,Stevenson,EDALB03STB1,Canada,GMT-6,340593.8371,5925828.894,12U,UWIN Season Summer 2,Season Summer 2,7/26/2019,7:29:45,Mammalia,Carnivora,Felidae,Felis,catus,1,6/28/2019,10/22/2019,RECONYX,HF2 PRO COVERT,No,Yes,Synthetic Fatty Acid Survey Disk (Pocatello Supply),3,,Domestic cat
UWIN Edmonton,Stevenson,EDALD02WEL1,Canada,GMT-6,330865.5468,5941358.545,12U,UWIN Season Fall 1,Season Fall 1,10/2/2018,16:08:59,Mammalia,Carnivora,Felidae,Felis,catus,1,9/28/2018,12/23/2018,RECONYX,PC900 PROFESSIONAL,No,Yes,Synthetic Fatty Acid Survey Disk (Pocatello Supply),3,,Domestic cat
UWIN Edmonton,Stevenson,EDALD02WEL1,Canada,GMT-6,330865.5468,5941358.545,12U,UWIN Season Fall 1,Season Fall 1,10/2/2018,16:09:00,Mammalia,Carnivora,Felidae,Felis,catus,1,9/28/2018,12/23/2018,RECONYX,PC900 PROFESSIONAL,No,Yes,Synthetic Fatty Acid Survey Disk (Pocatello Supply),3,,Domestic cat
UWIN Edmonton,Stevenson,EDALD02WEL1,Canada,GMT-6,330865.5468,5941358.545,12U,UWIN Season Fall 1,Season Fall 1,10/2/2018,16:09:01,Mammalia,Carnivora,Felidae,Felis,catus,1,9/28/2018,12/23/2018,RECONYX,PC900 PROFESSIONAL,No,Yes,Synthetic Fatty Acid Survey Disk (Pocatello Supply),3,,Domestic cat
UWIN Edmonton,Stevenson,EDALD02WEL1,Canada,GMT-6,330865.5468,5941358.545,12U,UWIN Season Fall 1,Season Fall 1,10/5/2018,18:11:13,Mammalia,Carnivora,Felidae,Felis,catus,1,9/28/2018,12/23/2018,RECONYX,PC900 PROFESSIONAL,No,Yes,Synthetic Fatty Acid Survey Disk (Pocatello Supply),3,,Domestic cat
UWIN Edmonton,Stevenson,EDALD02WEL1,Canada,GMT-6,330865.5468,5941358.545,12U,UWIN Season Fall 1,Season Fall 1,10/5/2018,18:11:14,Mammalia,Carnivora,Felidae,Felis,catus,1,9/28/2018,12/23/2018,RECONYX,PC900 PROFESSIONAL,No,Yes,Synthetic Fatty Acid Survey Disk (Pocatello Supply),3,,Domestic cat
UWIN Edmonton,Stevenson,EDALD02WEL2,Canada,GMT-6,330467.9823,5941234.956,12U,,,3/29/2019,8:11:19,Mammalia,Carnivora,Felidae,Felis,catus,1,12/30/2018,3/31/2019,RECONYX,PC900 PROFESSIONAL,No,Yes,Synthetic Fatty Acid Survey Disk (Pocatello Supply),3,,Domestic cat
UWIN Edmonton,Stevenson,EDALD02WEL2,Canada,GMT-6,330467.9823,5941234.956,12U,,,3/29/2019,8:11:21,Mammalia,Carnivora,Felidae,Felis,catus,1,12/30/2018,3/31/2019,RECONYX,PC900 PROFESSIONAL,No,Yes,Synthetic Fatty Acid Survey Disk (Pocatello Supply),3,,Domestic cat
UWIN Edmonton,Stevenson,EDALD02WEL2,Canada,GMT-6,330467.9823,5941234.956,12U,,,3/29/2019,8:11:22,Mammalia,Carnivora,Felidae,Felis,catus,1,12/30/2018,3/31/2019,RECONYX,PC900 PROFESSIONAL,No,Yes,Synthetic Fatty Acid Survey Disk (Pocatello Supply),3,,Domestic cat
UWIN Edmonton,Stevenson,EDALA02BEL1,Canada,GMT-6,338848.8233,5940990.313,12U,UWIN Season Summer 1,Season Summer 1,7/4/2018,0:11:19,Mammalia,Carnivora,Felidae,Felis,catus,1,6/28/2018,8/1/2018,RECONYX,PC900 PROFESSIONAL,Yes,Yes,Synthetic Fatty Acid Survey Disk (Pocatello Supply),3,,Domestic cat
UWIN Edmonton,Stevenson,EDALA02BEL1,Canada,GMT-6,338848.8233,5940990.313,12U,UWIN Season Summer 1,Season Summer 1,7/4/2018,0:11:19,Mammalia,Carnivora,Felidae,Felis,catus,1,6/28/2018,8/1/2018,RECONYX,PC900 PROFESSIONAL,Yes,Yes,Synthetic Fatty Acid Survey Disk (Pocatello Supply),3,,Domestic cat
UWIN Edmonton,Stevenson,EDALA02BEL1,Canada,GMT-6,338848.8233,5940990.313,12U,UWIN Season Summer 1,Season Summer 1,7/4/2018,0:11:20,Mammalia,Carnivora,Felidae,Felis,catus,1,6/28/2018,8/1/2018,RECONYX,PC900 PROFESSIONAL,Yes,Yes,Synthetic Fatty Acid Survey Disk (Pocatello Supply),3,,Domestic cat
UWIN Edmonton,Stevenson,EDALA02RVR1,Canada,GMT-6,340766.7907,5936966.78,12U,,,9/25/2018,20:21:20,Mammalia,Carnivora,Felidae,Felis,catus,1,9/24/2018,12/29/2018,RECONYX,PC900 PROFESSIONAL,Yes,Yes,Synthetic Fatty Acid Survey Disk (Pocatello Supply),3,,Domestic cat
UWIN Edmonton,Stevenson,EDALA02RVR1,Canada,GMT-6,340766.7907,5936966.78,12U,,,9/25/2018,20:21:21,Mammalia,Carnivora,Felidae,Felis,catus,1,9/24/2018,12/29/2018,RECONYX,PC900 PROFESSIONAL,Yes,Yes,Synthetic Fatty Acid Survey Disk (Pocatello Supply),3,,Domestic cat
UWIN Edmonton,Stevenson,EDALA02RVR1,Canada,GMT-6,340766.7907,5936966.78,12U,,,9/25/2018,20:21:22,Mammalia,Carnivora,Felidae,Felis,catus,1,9/24/2018,12/29/2018,RECONYX,PC900 PROFESSIONAL,Yes,Yes,Synthetic Fatty Acid Survey Disk (Pocatello Supply),3,,Domestic cat
UWIN Edmonton,Stevenson,EDALA02RVR1,Canada,GMT-6,340766.7907,5936966.78,12U,,,9/28/2018,16:33:28,Mammalia,Carnivora,Felidae,Felis,catus,1,9/24/2018,12/29/2018,RECONYX,PC900 PROFESSIONAL,Yes,Yes,Synthetic Fatty Acid Survey Disk (Pocatello Supply),3,,Domestic cat
UWIN Edmonton,Stevenson,EDALA02RVR1,Canada,GMT-6,340766.7907,5936966.78,12U,,,9/28/2018,16:33:29,Mammalia,Carnivora,Felidae,Felis,catus,1,9/24/2018,12/29/2018,RECONYX,PC900 PROFESSIONAL,Yes,Yes,Synthetic Fatty Acid Survey Disk (Pocatello Supply),3,,Domestic cat
UWIN Edmonton,Stevenson,EDALA02RVR1,Canada,GMT-6,340766.7907,5936966.78,12U,,,9/28/2018,16:33:30,Mammalia,Carnivora,Felidae,Felis,catus,1,9/24/2018,12/29/2018,RECONYX,PC900 PROFESSIONAL,Yes,Yes,Synthetic Fatty Acid Survey Disk (Pocatello Supply),3,,Domestic cat
UWIN Edmonton,Stevenson,EDALA02RVR1,Canada,GMT-6,340766.7907,5936966.78,12U,UWIN Season Fall 1,Season Fall 1,10/1/2018,9:01:11,Mammalia,Carnivora,Felidae,Felis,catus,1,9/24/2018,12/29/2018,RECONYX,PC900 PROFESSIONAL,Yes,Yes,Synthetic Fatty Acid Survey Disk (Pocatello Supply),3,,Domestic cat
UWIN Edmonton,Stevenson,EDALA02RVR1,Canada,GMT-6,340766.7907,5936966.78,12U,UWIN Season Fall 1,Season Fall 1,10/1/2018,9:01:12,Mammalia,Carnivora,Felidae,Felis,catus,1,9/24/2018,12/29/2018,RECONYX,PC900 PROFESSIONAL,Yes,Yes,Synthetic Fatty Acid Survey Disk (Pocatello Supply),3,,Domestic cat
UWIN Edmonton,Stevenson,EDALA02RVR1,Canada,GMT-6,340766.7907,5936966.78,12U,UWIN Season Fall 1,Season Fall 1,10/1/2018,9:01:12,Mammalia,Carnivora,Felidae,Felis,catus,1,9/24/2018,12/29/2018,RECONYX,PC900 PROFESSIONAL,Yes,Yes,Synthetic Fatty Acid Survey Disk (Pocatello Supply),3,,Domestic cat
UWIN Edmonton,Stevenson,EDALA02RVR1,Canada,GMT-6,340766.7907,5936966.78,12U,UWIN Season Fall 1,Season Fall 1,10/2/2018,19:56:28,Mammalia,Carnivora,Felidae,Felis,catus,1,9/24/2018,12/29/2018,RECONYX,PC900 PROFESSIONAL,Yes,Yes,Synthetic Fatty Acid Survey Disk (Pocatello Supply),3,,Domestic cat
UWIN Edmonton,Stevenson,EDALA02RVR1,Canada,GMT-6,340766.7907,5936966.78,12U,UWIN Season Fall 1,Season Fall 1,10/2/2018,19:56:29,Mammalia,Carnivora,Felidae,Felis,catus,1,9/24/2018,12/29/2018,RECONYX,PC900 PROFESSIONAL,Yes,Yes,Synthetic Fatty Acid Survey Disk (Pocatello Supply),3,,Domestic cat
UWIN Edmonton,Stevenson,EDALA02RVR1,Canada,GMT-6,340766.7907,5936966.78,12U,UWIN Season Fall 1,Season Fall 1,10/2/2018,19:56:29,Mammalia,Carnivora,Felidae,Felis,catus,1,9/24/2018,12/29/2018,RECONYX,PC900 PROFESSIONAL,Yes,Yes,Synthetic Fatty Acid Survey Disk (Pocatello Supply),3,,Domestic cat
UWIN Edmonton,Stevenson,EDALA02RVR1,Canada,GMT-6,340766.7907,5936966.78,12U,UWIN Season Fall 1,Season Fall 1,10/15/2018,4:08:17,Mammalia,Carnivora,Felidae,Felis,catus,1,9/24/2018,12/29/2018,RECONYX,PC900 PROFESSIONAL,Yes,Yes,Synthetic Fatty Acid Survey Disk (Pocatello Supply),3,,Domestic cat
UWIN Edmonton,Stevenson,EDALA02RVR1,Canada,GMT-6,340766.7907,5936966.78,12U,UWIN Season Fall 1,Season Fall 1,10/15/2018,4:08:18,Mammalia,Carnivora,Felidae,Felis,catus,1,9/24/2018,12/29/2018,RECONYX,PC900 PROFESSIONAL,Yes,Yes,Synthetic Fatty Acid Survey Disk (Pocatello Supply),3,,Domestic cat
UWIN Edmonton,Stevenson,EDALA02RVR1,Canada,GMT-6,340766.7907,5936966.78,12U,UWIN Season Fall 1,Season Fall 1,10/15/2018,4:08:19,Mammalia,Carnivora,Felidae,Felis,catus,1,9/24/2018,12/29/2018,RECONYX,PC900 PROFESSIONAL,Yes,Yes,Synthetic Fatty Acid Survey Disk (Pocatello Supply),3,,Domestic cat
UWIN Edmonton,Stevenson,EDALA02RVR1,Canada,GMT-6,340766.7907,5936966.78,12U,UWIN Season Fall 1,Season Fall 1,10/15/2018,4:09:51,Mammalia,Carnivora,Felidae,Felis,catus,1,9/24/2018,12/29/2018,RECONYX,PC900 PROFESSIONAL,Yes,Yes,Synthetic Fatty Acid Survey Disk (Pocatello Supply),3,,Domestic cat
UWIN Edmonton,Stevenson,EDALB03STB1,Canada,GMT-6,340593.8371,5925828.894,12U,UWIN Season Summer 2,Season Summer 2,7/10/2019,22:46:16,Mammalia,Carnivora,Felidae,Felis,catus,1,6/28/2019,10/22/2019,RECONYX,HF2 PRO COVERT,Yes,Yes,Synthetic Fatty Acid Survey Disk (Pocatello Supply),3,,Domestic cat
UWIN Edmonton,Stevenson,EDALB03STB1,Canada,GMT-6,340593.8371,5925828.894,12U,UWIN Season Summer 2,Season Summer 2,7/10/2019,22:46:17,Mammalia,Carnivora,Felidae,Felis,catus,1,6/28/2019,10/22/2019,RECONYX,HF2 PRO COVERT,Yes,Yes,Synthetic Fatty Acid Survey Disk (Pocatello Supply),3,,Domestic cat
UWIN Edmonton,Stevenson,EDALB03STB1,Canada,GMT-6,340593.8371,5925828.894,12U,UWIN Season Summer 2,Season Summer 2,7/15/2019,0:13:51,Mammalia,Carnivora,Felidae,Felis,catus,1,6/28/2019,10/22/2019,RECONYX,HF2 PRO COVERT,Yes,Yes,Synthetic Fatty Acid Survey Disk (Pocatello Supply),3,,Domestic cat
UWIN Edmonton,Stevenson,EDALB03STB1,Canada,GMT-6,340593.8371,5925828.894,12U,UWIN Season Summer 2,Season Summer 2,7/22/2019,1:19:56,Mammalia,Carnivora,Felidae,Felis,catus,1,6/28/2019,10/22/2019,RECONYX,HF2 PRO COVERT,Yes,Yes,Synthetic Fatty Acid Survey Disk (Pocatello Supply),3,,Domestic cat
UWIN Edmonton,Stevenson,EDALB03STB1,Canada,GMT-6,340593.8371,5925828.894,12U,UWIN Season Summer 2,Season Summer 2,7/22/2019,1:57:48,Mammalia,Carnivora,Felidae,Felis,catus,1,6/28/2019,10/22/2019,RECONYX,HF2 PRO COVERT,Yes,Yes,Synthetic Fatty Acid Survey Disk (Pocatello Supply),3,,Domestic cat
UWIN Edmonton,Stevenson,EDALB03STB1,Canada,GMT-6,340593.8371,5925828.894,12U,UWIN Season Summer 2,Season Summer 2,7/22/2019,1:57:48,Mammalia,Carnivora,Felidae,Felis,catus,1,6/28/2019,10/22/2019,RECONYX,HF2 PRO COVERT,Yes,Yes,Synthetic Fatty Acid Survey Disk (Pocatello Supply),3,,Domestic cat
UWIN Edmonton,Stevenson,EDALB03STB1,Canada,GMT-6,340593.8371,5925828.894,12U,UWIN Season Summer 2,Season Summer 2,7/22/2019,1:57:49,Mammalia,Carnivora,Felidae,Felis,catus,1,6/28/2019,10/22/2019,RECONYX,HF2 PRO COVERT,Yes,Yes,Synthetic Fatty Acid Survey Disk (Pocatello Supply),3,,Domestic cat
UWIN Edmonton,Stevenson,EDALB03STB1,Canada,GMT-6,340593.8371,5925828.894,12U,UWIN Season Summer 2,Season Summer 2,7/22/2019,2:18:51,Mammalia,Carnivora,Felidae,Felis,catus,1,6/28/2019,10/22/2019,RECONYX,HF2 PRO COVERT,Yes,Yes,Synthetic Fatty Acid Survey Disk (Pocatello Supply),3,,Domestic cat
UWIN Edmonton,Stevenson,EDALB03STB1,Canada,GMT-6,340593.8371,5925828.894,12U,UWIN Season Summer 2,Season Summer 2,7/22/2019,2:18:52,Mammalia,Carnivora,Felidae,Felis,catus,1,6/28/2019,10/22/2019,RECONYX,HF2 PRO COVERT,Yes,Yes,Synthetic Fatty Acid Survey Disk (Pocatello Supply),3,,Domestic cat
UWIN Edmonton,Stevenson,EDALB03STB1,Canada,GMT-6,340593.8371,5925828.894,12U,UWIN Season Summer 2,Season Summer 2,7/22/2019,23:43:54,Mammalia,Carnivora,Felidae,Felis,catus,1,6/28/2019,10/22/2019,RECONYX,HF2 PRO COVERT,Yes,Yes,Synthetic Fatty Acid Survey Disk (Pocatello Supply),3,,Domestic cat
UWIN Edmonton,Stevenson,EDALB03STB1,Canada,GMT-6,340593.8371,5925828.894,12U,UWIN Season Summer 2,Season Summer 2,7/22/2019,23:43:54,Mammalia,Carnivora,Felidae,Felis,catus,1,6/28/2019,10/22/2019,RECONYX,HF2 PRO COVERT,Yes,Yes,Synthetic Fatty Acid Survey Disk (Pocatello Supply),3,,Domestic cat
UWIN Edmonton,Stevenson,EDALB03STB1,Canada,GMT-6,340593.8371,5925828.894,12U,UWIN Season Summer 2,Season Summer 2,7/22/2019,23:43:55,Mammalia,Carnivora,Felidae,Felis,catus,1,6/28/2019,10/22/2019,RECONYX,HF2 PRO COVERT,Yes,Yes,Synthetic Fatty Acid Survey Disk (Pocatello Supply),3,,Domestic cat
UWIN Edmonton,Stevenson,EDALB03STB1,Canada,GMT-6,340593.8371,5925828.894,12U,UWIN Season Summer 2,Season Summer 2,7/27/2019,3:30:21,Mammalia,Carnivora,Felidae,Felis,catus,1,6/28/2019,10/22/2019,RECONYX,HF2 PRO COVERT,Yes,Yes,Synthetic Fatty Acid Survey Disk (Pocatello Supply),3,,Domestic cat
UWIN Edmonton,Stevenson,EDALB03STB1,Canada,GMT-6,340593.8371,5925828.894,12U,UWIN Season Summer 2,Season Summer 2,7/27/2019,3:30:22,Mammalia,Carnivora,Felidae,Felis,catus,1,6/28/2019,10/22/2019,RECONYX,HF2 PRO COVERT,Yes,Yes,Synthetic Fatty Acid Survey Disk (Pocatello Supply),3,,Domestic cat
UWIN Edmonton,Stevenson,EDALB03STB1,Canada,GMT-6,340593.8371,5925828.894,12U,UWIN Season Summer 2,Season Summer 2,7/27/2019,3:30:22,Mammalia,Carnivora,Felidae,Felis,catus,1,6/28/2019,10/22/2019,RECONYX,HF2 PRO COVERT,Yes,Yes,Synthetic Fatty Acid Survey Disk (Pocatello Supply),3,,Domestic cat
UWIN Edmonton,Stevenson,EDALB03STB1,Canada,GMT-6,340593.8371,5925828.894,12U,UWIN Season Summer 2,Season Summer 2,7/27/2019,3:32:17,Mammalia,Carnivora,Felidae,Felis,catus,1,6/28/2019,10/22/2019,RECONYX,HF2 PRO COVERT,Yes,Yes,Synthetic Fatty Acid Survey Disk (Pocatello Supply),3,,Domestic cat
UWIN Edmonton,Stevenson,EDALB03STB1,Canada,GMT-6,340593.8371,5925828.894,12U,UWIN Season Summer 2,Season Summer 2,7/27/2019,3:32:18,Mammalia,Carnivora,Felidae,Felis,catus,1,6/28/2019,10/22/2019,RECONYX,HF2 PRO COVERT,Yes,Yes,Synthetic Fatty Acid Survey Disk (Pocatello Supply),3,,Domestic cat
UWIN Edmonton,Stevenson,EDALB03STB1,Canada,GMT-6,340593.8371,5925828.894,12U,UWIN Season Summer 2,Season Summer 2,7/27/2019,3:32:18,Mammalia,Carnivora,Felidae,Felis,catus,1,6/28/2019,10/22/2019,RECONYX,HF2 PRO COVERT,Yes,Yes,Synthetic Fatty Acid Survey Disk (Pocatello Supply),3,,Domestic cat
UWIN Edmonton,Stevenson,EDALC01BEL1,Canada,GMT-6,332254.5706,5932531.36,12U,UWIN Season Summer 1,Season Summer 1,7/16/2018,1:57:57,Mammalia,Carnivora,Felidae,Felis,catus,1,6/21/2018,8/2/2018,RECONYX,PC800 PROFESSIONAL,Yes,Yes,Synthetic Fatty Acid Survey Disk (Pocatello Supply),3,,Domestic cat
UWIN Edmonton,Stevenson,EDALC01BEL1,Canada,GMT-6,332254.5706,5932531.36,12U,UWIN Season Summer 1,Season Summer 1,7/16/2018,1:57:58,Mammalia,Carnivora,Felidae,Felis,catus,1,6/21/2018,8/2/2018,RECONYX,PC800 PROFESSIONAL,Yes,Yes,Synthetic Fatty Acid Survey Disk (Pocatello Supply),3,,Domestic cat
UWIN Edmonton,Stevenson,EDALC01BEL1,Canada,GMT-6,332254.5706,5932531.36,12U,UWIN Season Summer 1,Season Summer 1,7/16/2018,1:57:59,Mammalia,Carnivora,Felidae,Felis,catus,1,6/21/2018,8/2/2018,RECONYX,PC800 PROFESSIONAL,Yes,Yes,Synthetic Fatty Acid Survey Disk (Pocatello Supply),3,,Domestic cat
UWIN Edmonton,Stevenson,EDALC01PAR1,Canada,GMT-6,333000.7077,5931107.357,12U,UWIN Season Fall 1,Season Fall 1,10/1/2018,1:37:59,Mammalia,Carnivora,Felidae,Felis,catus,1,9/29/2018,11/10/2018,RECONYX,PC900 PROFESSIONAL,Yes,Yes,Synthetic Fatty Acid Survey Disk (Pocatello Supply),3,,Domestic cat
UWIN Edmonton,Stevenson,EDALC01PAR1,Canada,GMT-6,333000.7077,5931107.357,12U,UWIN Season Fall 1,Season Fall 1,10/1/2018,1:38:00,Mammalia,Carnivora,Felidae,Felis,catus,1,9/29/2018,11/10/2018,RECONYX,PC900 PROFESSIONAL,Yes,Yes,Synthetic Fatty Acid Survey Disk (Pocatello Supply),3,,Domestic cat
UWIN Edmonton,Stevenson,EDALC01PAR1,Canada,GMT-6,333000.7077,5931107.357,12U,UWIN Season Fall 1,Season Fall 1,10/1/2018,1:38:00,Mammalia,Carnivora,Felidae,Felis,catus,1,9/29/2018,11/10/2018,RECONYX,PC900 PROFESSIONAL,Yes,Yes,Synthetic Fatty Acid Survey Disk (Pocatello Supply),3,,Domestic cat
UWIN Edmonton,Stevenson,EDALD02HUS1,Canada,GMT-6,327642.96,5941822.19,12U,UWIN Season Fall 1,Season Fall 1,10/8/2018,3:48:47,Mammalia,Carnivora,Felidae,Felis,catus,1,9/28/2018,12/29/2018,RECONYX,PC900 PROFESSIONAL,Yes,Yes,Synthetic Fatty Acid Survey Disk (Pocatello Supply),3,,Domestic cat
UWIN Edmonton,Stevenson,EDALD02HUS1,Canada,GMT-6,327642.96,5941822.19,12U,UWIN Season Fall 1,Season Fall 1,10/8/2018,3:48:49,Mammalia,Carnivora,Felidae,Felis,catus,1,9/28/2018,12/29/2018,RECONYX,PC900 PROFESSIONAL,Yes,Yes,Synthetic Fatty Acid Survey Disk (Pocatello Supply),3,,Domestic cat
UWIN Edmonton,Stevenson,EDALD02HUS1,Canada,GMT-6,327642.96,5941822.19,12U,UWIN Season Fall 1,Season Fall 1,10/8/2018,3:48:50,Mammalia,Carnivora,Felidae,Felis,catus,1,9/28/2018,12/29/2018,RECONYX,PC900 PROFESSIONAL,Yes,Yes,Synthetic Fatty Acid Survey Disk (Pocatello Supply),3,,Domestic cat
UWIN Edmonton,Stevenson,EDALD02HUS1,Canada,GMT-6,327642.96,5941822.19,12U,UWIN Season Fall 1,Season Fall 1,10/12/2018,22:29:16,Mammalia,Carnivora,Felidae,Felis,catus,1,9/28/2018,12/29/2018,RECONYX,PC900 PROFESSIONAL,Yes,Yes,Synthetic Fatty Acid Survey Disk (Pocatello Supply),3,,Domestic cat
UWIN Edmonton,Stevenson,EDALD02HUS1,Canada,GMT-6,327642.96,5941822.19,12U,UWIN Season Fall 1,Season Fall 1,10/12/2018,22:29:17,Mammalia,Carnivora,Felidae,Felis,catus,1,9/28/2018,12/29/2018,RECONYX,PC900 PROFESSIONAL,Yes,Yes,Synthetic Fatty Acid Survey Disk (Pocatello Supply),3,,Domestic cat
UWIN Edmonton,Stevenson,EDALD02HUS1,Canada,GMT-6,327642.96,5941822.19,12U,UWIN Season Fall 1,Season Fall 1,10/12/2018,22:29:18,Mammalia,Carnivora,Felidae,Felis,catus,1,9/28/2018,12/29/2018,RECONYX,PC900 PROFESSIONAL,Yes,Yes,Synthetic Fatty Acid Survey Disk (Pocatello Supply),3,,Domestic cat
UWIN Edmonton,Stevenson,EDALD02HUS1,Canada,GMT-6,327642.96,5941822.19,12U,,,6/12/2019,2:40:33,Mammalia,Carnivora,Felidae,Felis,catus,1,4/19/2019,6/27/2019,RECONYX,PC900 PROFESSIONAL,Yes,Yes,Synthetic Fatty Acid Survey Disk (Pocatello Supply),3,,Domestic cat
UWIN Edmonton,Stevenson,EDALD02HUS1,Canada,GMT-6,327642.96,5941822.19,12U,,,6/12/2019,2:40:34,Mammalia,Carnivora,Felidae,Felis,catus,1,4/19/2019,6/27/2019,RECONYX,PC900 PROFESSIONAL,Yes,Yes,Synthetic Fatty Acid Survey Disk (Pocatello Supply),3,,Domestic cat
UWIN Edmonton,Stevenson,EDALD02HUS1,Canada,GMT-6,327642.96,5941822.19,12U,,,6/12/2019,2:40:35,Mammalia,Carnivora,Felidae,Felis,catus,1,4/19/2019,6/27/2019,RECONYX,PC900 PROFESSIONAL,Yes,Yes,Synthetic Fatty Acid Survey Disk (Pocatello Supply),3,,Domestic cat
UWIN Edmonton,Stevenson,EDALD02WEL1,Canada,GMT-6,330865.5468,5941358.545,12U,,,9/28/2018,19:49:58,Mammalia,Carnivora,Felidae,Felis,catus,1,9/28/2018,12/23/2018,RECONYX,PC900 PROFESSIONAL,Yes,Yes,Synthetic Fatty Acid Survey Disk (Pocatello Supply),3,,Domestic cat
UWIN Edmonton,Stevenson,EDALD02WEL1,Canada,GMT-6,330865.5468,5941358.545,12U,,,9/28/2018,19:49:59,Mammalia,Carnivora,Felidae,Felis,catus,1,9/28/2018,12/23/2018,RECONYX,PC900 PROFESSIONAL,Yes,Yes,Synthetic Fatty Acid Survey Disk (Pocatello Supply),3,,Domestic cat
UWIN Edmonton,Stevenson,EDALD02WEL1,Canada,GMT-6,330865.5468,5941358.545,12U,,,9/28/2018,19:50:00,Mammalia,Carnivora,Felidae,Felis,catus,1,9/28/2018,12/23/2018,RECONYX,PC900 PROFESSIONAL,Yes,Yes,Synthetic Fatty Acid Survey Disk (Pocatello Supply),3,,Domestic cat
UWIN Edmonton,Stevenson,EDALD02WEL1,Canada,GMT-6,330865.5468,5941358.545,12U,,,9/28/2018,23:01:25,Mammalia,Carnivora,Felidae,Felis,catus,1,9/28/2018,12/23/2018,RECONYX,PC900 PROFESSIONAL,Yes,Yes,Synthetic Fatty Acid Survey Disk (Pocatello Supply),3,,Domestic cat
UWIN Edmonton,Stevenson,EDALD02WEL1,Canada,GMT-6,330865.5468,5941358.545,12U,,,9/28/2018,23:01:27,Mammalia,Carnivora,Felidae,Felis,catus,1,9/28/2018,12/23/2018,RECONYX,PC900 PROFESSIONAL,Yes,Yes,Synthetic Fatty Acid Survey Disk (Pocatello Supply),3,,Domestic cat
UWIN Edmonton,Stevenson,EDALD02WEL1,Canada,GMT-6,330865.5468,5941358.545,12U,,,9/28/2018,23:01:27,Mammalia,Carnivora,Felidae,Felis,catus,1,9/28/2018,12/23/2018,RECONYX,PC900 PROFESSIONAL,Yes,Yes,Synthetic Fatty Acid Survey Disk (Pocatello Supply),3,,Domestic cat
UWIN Edmonton,Stevenson,EDALD02WEL1,Canada,GMT-6,330865.5468,5941358.545,12U,UWIN Season Fall 1,Season Fall 1,10/6/2018,19:57:23,Mammalia,Carnivora,Felidae,Felis,catus,1,9/28/2018,12/23/2018,RECONYX,PC900 PROFESSIONAL,Yes,Yes,Synthetic Fatty Acid Survey Disk (Pocatello Supply),3,,Domestic cat
UWIN Edmonton,Stevenson,EDALD02WEL1,Canada,GMT-6,330865.5468,5941358.545,12U,UWIN Season Fall 1,Season Fall 1,10/6/2018,19:57:24,Mammalia,Carnivora,Felidae,Felis,catus,1,9/28/2018,12/23/2018,RECONYX,PC900 PROFESSIONAL,Yes,Yes,Synthetic Fatty Acid Survey Disk (Pocatello Supply),3,,Domestic cat
UWIN Edmonton,Stevenson,EDALD02WEL1,Canada,GMT-6,330865.5468,5941358.545,12U,UWIN Season Fall 1,Season Fall 1,10/6/2018,20:07:03,Mammalia,Carnivora,Felidae,Felis,catus,1,9/28/2018,12/23/2018,RECONYX,PC900 PROFESSIONAL,Yes,Yes,Synthetic Fatty Acid Survey Disk (Pocatello Supply),3,,Domestic cat
UWIN Edmonton,Stevenson,EDALD02WEL1,Canada,GMT-6,330865.5468,5941358.545,12U,UWIN Season Fall 1,Season Fall 1,10/6/2018,20:07:04,Mammalia,Carnivora,Felidae,Felis,catus,1,9/28/2018,12/23/2018,RECONYX,PC900 PROFESSIONAL,Yes,Yes,Synthetic Fatty Acid Survey Disk (Pocatello Supply),3,,Domestic cat
UWIN Edmonton,Stevenson,EDALD02WEL1,Canada,GMT-6,330865.5468,5941358.545,12U,UWIN Season Fall 1,Season Fall 1,10/6/2018,20:07:05,Mammalia,Carnivora,Felidae,Felis,catus,1,9/28/2018,12/23/2018,RECONYX,PC900 PROFESSIONAL,Yes,Yes,Synthetic Fatty Acid Survey Disk (Pocatello Supply),3,,Domestic cat
UWIN Edmonton,Stevenson,EDALD02WEL1,Canada,GMT-6,330865.5468,5941358.545,12U,UWIN Season Fall 1,Season Fall 1,10/17/2018,21:44:25,Mammalia,Carnivora,Felidae,Felis,catus,1,9/28/2018,12/23/2018,RECONYX,PC900 PROFESSIONAL,Yes,Yes,Synthetic Fatty Acid Survey Disk (Pocatello Supply),3,,Domestic cat
UWIN Edmonton,Stevenson,EDALD02WEL1,Canada,GMT-6,330865.5468,5941358.545,12U,UWIN Season Fall 1,Season Fall 1,10/17/2018,21:44:26,Mammalia,Carnivora,Felidae,Felis,catus,1,9/28/2018,12/23/2018,RECONYX,PC900 PROFESSIONAL,Yes,Yes,Synthetic Fatty Acid Survey Disk (Pocatello Supply),3,,Domestic cat
UWIN Edmonton,Stevenson,EDALD02WEL1,Canada,GMT-6,330865.5468,5941358.545,12U,UWIN Season Fall 1,Season Fall 1,10/17/2018,21:44:27,Mammalia,Carnivora,Felidae,Felis,catus,1,9/28/2018,12/23/2018,RECONYX,PC900 PROFESSIONAL,Yes,Yes,Synthetic Fatty Acid Survey Disk (Pocatello Supply),3,,Domestic cat
UWIN Edmonton,Stevenson,EDALD02WEL1,Canada,GMT-6,330865.5468,5941358.545,12U,UWIN Season Fall 1,Season Fall 1,10/19/2018,20:03:47,Mammalia,Carnivora,Felidae,Felis,catus,1,9/28/2018,12/23/2018,RECONYX,PC900 PROFESSIONAL,Yes,Yes,Synthetic Fatty Acid Survey Disk (Pocatello Supply),3,,Domestic cat
UWIN Edmonton,Stevenson,EDALD02WEL1,Canada,GMT-6,330865.5468,5941358.545,12U,UWIN Season Fall 1,Season Fall 1,10/19/2018,20:03:48,Mammalia,Carnivora,Felidae,Felis,catus,1,9/28/2018,12/23/2018,RECONYX,PC900 PROFESSIONAL,Yes,Yes,Synthetic Fatty Acid Survey Disk (Pocatello Supply),3,,Domestic cat
UWIN Edmonton,Stevenson,EDALD02WEL1,Canada,GMT-6,330865.5468,5941358.545,12U,UWIN Season Fall 1,Season Fall 1,10/19/2018,20:03:48,Mammalia,Carnivora,Felidae,Felis,catus,1,9/28/2018,12/23/2018,RECONYX,PC900 PROFESSIONAL,Yes,Yes,Synthetic Fatty Acid Survey Disk (Pocatello Supply),3,,Domestic cat
UWIN Edmonton,Stevenson,EDALD02WEL1,Canada,GMT-6,330865.5468,5941358.545,12U,UWIN Season Fall 1,Season Fall 1,10/22/2018,6:41:36,Mammalia,Carnivora,Felidae,Felis,catus,1,9/28/2018,12/23/2018,RECONYX,PC900 PROFESSIONAL,Yes,Yes,Synthetic Fatty Acid Survey Disk (Pocatello Supply),3,,Domestic cat
UWIN Edmonton,Stevenson,EDALD02WEL1,Canada,GMT-6,330865.5468,5941358.545,12U,UWIN Season Fall 1,Season Fall 1,10/22/2018,6:41:37,Mammalia,Carnivora,Felidae,Felis,catus,1,9/28/2018,12/23/2018,RECONYX,PC900 PROFESSIONAL,Yes,Yes,Synthetic Fatty Acid Survey Disk (Pocatello Supply),3,,Domestic cat
UWIN Edmonton,Stevenson,EDALD02WEL1,Canada,GMT-6,330865.5468,5941358.545,12U,UWIN Season Fall 1,Season Fall 1,10/22/2018,6:41:38,Mammalia,Carnivora,Felidae,Felis,catus,1,9/28/2018,12/23/2018,RECONYX,PC900 PROFESSIONAL,Yes,Yes,Synthetic Fatty Acid Survey Disk (Pocatello Supply),3,,Domestic cat
UWIN Edmonton,Stevenson,EDALD02WEL1,Canada,GMT-6,330865.5468,5941358.545,12U,UWIN Season Fall 1,Season Fall 1,10/23/2018,22:24:08,Mammalia,Carnivora,Felidae,Felis,catus,1,9/28/2018,12/23/2018,RECONYX,PC900 PROFESSIONAL,Yes,Yes,Synthetic Fatty Acid Survey Disk (Pocatello Supply),3,,Domestic cat
UWIN Edmonton,Stevenson,EDALD02WEL1,Canada,GMT-6,330865.5468,5941358.545,12U,UWIN Season Fall 1,Season Fall 1,10/23/2018,22:24:08,Mammalia,Carnivora,Felidae,Felis,catus,1,9/28/2018,12/23/2018,RECONYX,PC900 PROFESSIONAL,Yes,Yes,Synthetic Fatty Acid Survey Disk (Pocatello Supply),3,,Domestic cat
UWIN Edmonton,Stevenson,EDALD02WEL1,Canada,GMT-6,330865.5468,5941358.545,12U,UWIN Season Fall 1,Season Fall 1,10/23/2018,22:24:09,Mammalia,Carnivora,Felidae,Felis,catus,1,9/28/2018,12/23/2018,RECONYX,PC900 PROFESSIONAL,Yes,Yes,Synthetic Fatty Acid Survey Disk (Pocatello Supply),3,,Domestic cat
UWIN Edmonton,Stevenson,EDALD02WEL1,Canada,GMT-6,330865.5468,5941358.545,12U,UWIN Season Fall 1,Season Fall 1,10/27/2018,22:26:12,Mammalia,Carnivora,Felidae,Felis,catus,1,9/28/2018,12/23/2018,RECONYX,PC900 PROFESSIONAL,Yes,Yes,Synthetic Fatty Acid Survey Disk (Pocatello Supply),3,,Domestic cat
UWIN Edmonton,Stevenson,EDALD02WEL1,Canada,GMT-6,330865.5468,5941358.545,12U,UWIN Season Fall 1,Season Fall 1,10/27/2018,22:26:12,Mammalia,Carnivora,Felidae,Felis,catus,1,9/28/2018,12/23/2018,RECONYX,PC900 PROFESSIONAL,Yes,Yes,Synthetic Fatty Acid Survey Disk (Pocatello Supply),3,,Domestic cat
UWIN Edmonton,Stevenson,EDALD02WEL1,Canada,GMT-6,330865.5468,5941358.545,12U,UWIN Season Fall 1,Season Fall 1,10/27/2018,22:26:13,Mammalia,Carnivora,Felidae,Felis,catus,1,9/28/2018,12/23/2018,RECONYX,PC900 PROFESSIONAL,Yes,Yes,Synthetic Fatty Acid Survey Disk (Pocatello Supply),3,,Domestic cat
UWIN Edmonton,Stevenson,EDALD02WEL1,Canada,GMT-6,330865.5468,5941358.545,12U,UWIN Season Fall 1,Season Fall 1,10/28/2018,5:47:44,Mammalia,Carnivora,Felidae,Felis,catus,1,9/28/2018,12/23/2018,RECONYX,PC900 PROFESSIONAL,Yes,Yes,Synthetic Fatty Acid Survey Disk (Pocatello Supply),3,,Domestic cat
UWIN Edmonton,Stevenson,EDALD02WEL1,Canada,GMT-6,330865.5468,5941358.545,12U,UWIN Season Fall 1,Season Fall 1,10/28/2018,5:47:45,Mammalia,Carnivora,Felidae,Felis,catus,1,9/28/2018,12/23/2018,RECONYX,PC900 PROFESSIONAL,Yes,Yes,Synthetic Fatty Acid Survey Disk (Pocatello Supply),3,,Domestic cat
UWIN Edmonton,Stevenson,EDALD02WEL1,Canada,GMT-6,330865.5468,5941358.545,12U,UWIN Season Fall 1,Season Fall 1,10/28/2018,5:47:45,Mammalia,Carnivora,Felidae,Felis,catus,1,9/28/2018,12/23/2018,RECONYX,PC900 PROFESSIONAL,Yes,Yes,Synthetic Fatty Acid Survey Disk (Pocatello Supply),3,,Domestic cat
UWIN Edmonton,Stevenson,EDALD02WEL1,Canada,GMT-6,330865.5468,5941358.545,12U,UWIN Season Fall 1,Season Fall 1,10/29/2018,5:32:51,Mammalia,Carnivora,Felidae,Felis,catus,1,9/28/2018,12/23/2018,RECONYX,PC900 PROFESSIONAL,Yes,Yes,Synthetic Fatty Acid Survey Disk (Pocatello Supply),3,,Domestic cat
UWIN Edmonton,Stevenson,EDALD02WEL1,Canada,GMT-6,330865.5468,5941358.545,12U,UWIN Season Fall 1,Season Fall 1,10/29/2018,5:32:52,Mammalia,Carnivora,Felidae,Felis,catus,1,9/28/2018,12/23/2018,RECONYX,PC900 PROFESSIONAL,Yes,Yes,Synthetic Fatty Acid Survey Disk (Pocatello Supply),3,,Domestic cat
UWIN Edmonton,Stevenson,EDALD02WEL1,Canada,GMT-6,330865.5468,5941358.545,12U,UWIN Season Fall 1,Season Fall 1,10/29/2018,5:32:53,Mammalia,Carnivora,Felidae,Felis,catus,1,9/28/2018,12/23/2018,RECONYX,PC900 PROFESSIONAL,Yes,Yes,Synthetic Fatty Acid Survey Disk (Pocatello Supply),3,,Domestic cat
UWIN Edmonton,Stevenson,EDALD02WEL1,Canada,GMT-6,330865.5468,5941358.545,12U,UWIN Season Fall 1,Season Fall 1,10/30/2018,23:32:55,Mammalia,Carnivora,Felidae,Felis,catus,1,9/28/2018,12/23/2018,RECONYX,PC900 PROFESSIONAL,Yes,Yes,Synthetic Fatty Acid Survey Disk (Pocatello Supply),3,,Domestic cat
UWIN Edmonton,Stevenson,EDALD02WEL1,Canada,GMT-6,330865.5468,5941358.545,12U,UWIN Season Fall 1,Season Fall 1,10/30/2018,23:32:56,Mammalia,Carnivora,Felidae,Felis,catus,1,9/28/2018,12/23/2018,RECONYX,PC900 PROFESSIONAL,Yes,Yes,Synthetic Fatty Acid Survey Disk (Pocatello Supply),3,,Domestic cat
UWIN Edmonton,Stevenson,EDALD02WEL1,Canada,GMT-6,330865.5468,5941358.545,12U,UWIN Season Fall 1,Season Fall 1,10/30/2018,23:32:57,Mammalia,Carnivora,Felidae,Felis,catus,1,9/28/2018,12/23/2018,RECONYX,PC900 PROFESSIONAL,Yes,Yes,Synthetic Fatty Acid Survey Disk (Pocatello Supply),3,,Domestic cat
UWIN Edmonton,Stevenson,EDALD02WEL1,Canada,GMT-6,330865.5468,5941358.545,12U,,,11/26/2018,23:59:03,Mammalia,Carnivora,Felidae,Felis,catus,1,9/28/2018,12/23/2018,RECONYX,PC900 PROFESSIONAL,Yes,Yes,Synthetic Fatty Acid Survey Disk (Pocatello Supply),3,,Domestic cat
UWIN Edmonton,Stevenson,EDALD02WEL1,Canada,GMT-6,330865.5468,5941358.545,12U,,,11/26/2018,23:59:04,Mammalia,Carnivora,Felidae,Felis,catus,1,9/28/2018,12/23/2018,RECONYX,PC900 PROFESSIONAL,Yes,Yes,Synthetic Fatty Acid Survey Disk (Pocatello Supply),3,,Domestic cat
UWIN Edmonton,Stevenson,EDALD02WEL1,Canada,GMT-6,330865.5468,5941358.545,12U,,,11/26/2018,23:59:05,Mammalia,Carnivora,Felidae,Felis,catus,1,9/28/2018,12/23/2018,RECONYX,PC900 PROFESSIONAL,Yes,Yes,Synthetic Fatty Acid Survey Disk (Pocatello Supply),3,,Domestic cat
UWIN Edmonton,Stevenson,EDALD02WOO1,Canada,GMT-6,330189.9304,5937865.963,12U,UWIN Season Fall 1,Season Fall 1,10/6/2018,22:49:22,Mammalia,Carnivora,Felidae,Felis,catus,1,9/28/2018,12/30/2018,RECONYX,PC900 PROFESSIONAL,Yes,Yes,Synthetic Fatty Acid Survey Disk (Pocatello Supply),3,,Domestic cat
UWIN Edmonton,Stevenson,EDALD02WOO1,Canada,GMT-6,330189.9304,5937865.963,12U,UWIN Season Fall 1,Season Fall 1,10/6/2018,22:49:23,Mammalia,Carnivora,Felidae,Felis,catus,1,9/28/2018,12/30/2018,RECONYX,PC900 PROFESSIONAL,Yes,Yes,Synthetic Fatty Acid Survey Disk (Pocatello Supply),3,,Domestic cat
UWIN Edmonton,Stevenson,EDALD02WOO1,Canada,GMT-6,330189.9304,5937865.963,12U,UWIN Season Fall 1,Season Fall 1,10/6/2018,22:49:23,Mammalia,Carnivora,Felidae,Felis,catus,1,9/28/2018,12/30/2018,RECONYX,PC900 PROFESSIONAL,Yes,Yes,Synthetic Fatty Acid Survey Disk (Pocatello Supply),3,,Domestic cat
